Id,Name,DateOfBirth,Height,Balance
eebc528a-7397-4c93-a935-00ae1147bff6,John Jones,05/08/1978,170,1.99
75d8d84e-e886-4dfd-826d-9147f330acd8,Dave Davis,09/12/1988,159,24.04
07ed25c0-e7d6-445e-ae9f-f0d46a852b2d,Liz Elizabeth,21/03/1992,181,193.22
b7b0c785-15b9-45ef-81e4-f6de77c22d5b,Chistina Chris,01/02/1993,177,7.32
0e5686df-70d9-44ac-b7a2-c5ee0c35cc95,Ken Kenneth,30/09/1984,176,57.33
07d740eb-2401-459e-922e-27f8aa161068,John Jones,05/08/1978,170,1.99
6cbae7bc-e522-4506-a835-d1b25d765f8d,Dave Davis,09/12/1988,159,24.04
642d92f6-0d30-452d-914a-b6b6d6b9809c,Liz Elizabeth,21/03/1992,181,193.22
b89ef99f-d944-453e-a695-f50c3d191208,Chistina Chris,01/02/1993,177,7.32
b9ed8f09-bade-4be7-baca-c3e72e0d0ed4,Ken Kenneth,30/09/1984,176,57.33
7c6b8b6e-d7ff-4921-bbdf-ecbd66770689,John Jones,05/08/1978,170,1.99
b7088b0a-1234-4bd5-8501-0c8cb6f79192,Dave Davis,09/12/1988,159,24.04
94c72162-8872-4345-8eae-f70ff5e4dc81,Liz Elizabeth,21/03/1992,181,193.22
b6ff88e7-77ae-4bd2-81b9-a1e1c0422ff3,Chistina Chris,01/02/1993,177,7.32
1c07812a-4d9f-4a2e-bcc7-2b45cc83124d,Ken Kenneth,30/09/1984,176,57.33
768c3759-1e23-4941-adc7-934844210047,John Jones,05/08/1978,170,1.99
342edae5-ce3c-4914-aa4e-cc46721d70ad,Dave Davis,09/12/1988,159,24.04
ac4baaee-a785-40fc-821b-fde2db748580,Liz Elizabeth,21/03/1992,181,193.22
dcfd3fd4-7822-40ef-b848-92a80868a556,Chistina Chris,01/02/1993,177,7.32
3f7868b3-5449-4c0d-a024-43ccf6257db5,Ken Kenneth,30/09/1984,176,57.33
f1bd8c3a-8d3f-452f-bab0-5079c7cca9f4,John Jones,05/08/1978,170,1.99
69de54fe-b30a-40b3-a01e-9731614ead30,Dave Davis,09/12/1988,159,24.04
86d37155-cfb1-472b-b63b-10ffd5422da4,Liz Elizabeth,21/03/1992,181,193.22
75efef34-b7c1-486d-ba04-14683280083b,Chistina Chris,01/02/1993,177,7.32
59ec5395-b928-473d-ac29-eb5c860b9e89,Ken Kenneth,30/09/1984,176,57.33
118a7c75-6859-4085-84fb-548d9539b1ca,John Jones,05/08/1978,170,1.99
abca02a0-3a01-4a04-b37a-d868db8d5928,Dave Davis,09/12/1988,159,24.04
50e9e15c-41ed-49a4-8987-af3732610a46,Liz Elizabeth,21/03/1992,181,193.22
b60e9d9e-be9a-4774-837a-9d51afa130a3,Chistina Chris,01/02/1993,177,7.32
bdab6fc4-fb32-460d-83ae-29f0d7d3841e,Ken Kenneth,30/09/1984,176,57.33
839d562c-c39f-43bb-9069-5a045144b468,John Jones,05/08/1978,170,1.99
156c4275-4475-4863-b00c-0bfcaef65c4e,Dave Davis,09/12/1988,159,24.04
ff2d8f05-b0e7-434e-8498-52566cea3982,Liz Elizabeth,21/03/1992,181,193.22
a9151df7-e530-4570-b3e9-09e133b3992d,Chistina Chris,01/02/1993,177,7.32
c8931a2f-2616-48ad-9f86-2e2826fa286f,Ken Kenneth,30/09/1984,176,57.33
bc0ecc1f-4592-4586-b9dd-f74f4f7ed64d,John Jones,05/08/1978,170,1.99
c1e9a60d-44bd-48e2-a69b-c9718f415448,Dave Davis,09/12/1988,159,24.04
2594d38d-f296-4424-8d5b-536983c5b070,Liz Elizabeth,21/03/1992,181,193.22
2e15d8da-d864-41f8-b627-4f450c71ae26,Chistina Chris,01/02/1993,177,7.32
cbdf3ce1-1169-4872-a3b7-835f7702f547,Ken Kenneth,30/09/1984,176,57.33
2ba7d4e0-d65e-43d9-8bc8-1ee3ad82bc0f,John Jones,05/08/1978,170,1.99
4dc44174-f869-4f6a-9170-6269ab3a92d1,Dave Davis,09/12/1988,159,24.04
ed00646e-3962-4411-a4b8-021c791a829a,Liz Elizabeth,21/03/1992,181,193.22
b0e687fd-8d9c-4de8-acc9-d3375d1a113e,Chistina Chris,01/02/1993,177,7.32
10723315-00bd-4f09-8dfc-b28a15bce76e,Ken Kenneth,30/09/1984,176,57.33
77ac67f5-6353-49f3-99ba-b3f331756541,John Jones,05/08/1978,170,1.99
a2045fe3-e03a-431f-bbd3-0e0894718ebe,Dave Davis,09/12/1988,159,24.04
b9d3280a-06d6-4e13-9cf0-10801d0186b7,Liz Elizabeth,21/03/1992,181,193.22
d530cee1-723f-4e17-bfbc-99b8e44cdaea,Chistina Chris,01/02/1993,177,7.32
33e0f121-b156-4d42-b97a-dcde341e4dad,Ken Kenneth,30/09/1984,176,57.33
85bfb120-bdb6-4d63-b87c-a6f825d87719,John Jones,05/08/1978,170,1.99
8fdf445f-b7aa-40a5-823d-e06c8c06b514,Dave Davis,09/12/1988,159,24.04
89f81b8f-4f0f-455e-b2cf-dd48af2b1e6b,Liz Elizabeth,21/03/1992,181,193.22
3aac48a1-f88d-41b0-a269-8cff4c32c934,Chistina Chris,01/02/1993,177,7.32
320ca074-5ace-4df3-8a57-1a17fd1c8707,Ken Kenneth,30/09/1984,176,57.33
35c6b680-a00d-4fdf-9068-c5d9d2c169bf,John Jones,05/08/1978,170,1.99
fe4bb2ec-d8f6-4353-9807-f08914cea94f,Dave Davis,09/12/1988,159,24.04
e81cc41d-50bd-4fd2-845d-67692171f32b,Liz Elizabeth,21/03/1992,181,193.22
f2590424-f8df-4edf-a23f-e3d7c3e6ae95,Chistina Chris,01/02/1993,177,7.32
b64aa456-bdec-4e72-899b-482b66c4b258,Ken Kenneth,30/09/1984,176,57.33
99feda7d-2669-4de1-9d53-9c44d6e97908,John Jones,05/08/1978,170,1.99
adcbf80e-f5cf-4c81-964e-1ae652e3e305,Dave Davis,09/12/1988,159,24.04
e3cccf8c-1f0c-4815-83b3-40db9a2759bc,Liz Elizabeth,21/03/1992,181,193.22
1c1617d8-2eaf-4ddd-b879-8c2adfbedd40,Chistina Chris,01/02/1993,177,7.32
5b288f09-84da-4065-ba01-ec00eff4d5c6,Ken Kenneth,30/09/1984,176,57.33
2c95e7e4-3a0c-46e8-9952-49c1c186f359,John Jones,05/08/1978,170,1.99
b773ee71-e6c3-4b73-82c8-cd64488d2ff8,Dave Davis,09/12/1988,159,24.04
25e98a97-6558-4494-acb5-6b1866b1d91b,Liz Elizabeth,21/03/1992,181,193.22
eff87a07-f063-47a1-a528-c8c8dbe44015,Chistina Chris,01/02/1993,177,7.32
50b8c98e-518b-44ed-9404-99a94a0891cb,Ken Kenneth,30/09/1984,176,57.33
ebb97e6f-c7cf-4b25-90c8-653aa3f568f0,John Jones,05/08/1978,170,1.99
bde7b5c0-9bd4-4db6-8d94-3b10bce8a636,Dave Davis,09/12/1988,159,24.04
8b687ba3-1b55-45aa-a0fb-85e580b1f536,Liz Elizabeth,21/03/1992,181,193.22
c767a983-e4b0-47b1-97ea-d2163c99178e,Chistina Chris,01/02/1993,177,7.32
e7d2ec9c-f308-47bd-a1dd-2fe7cc0c8b2e,Ken Kenneth,30/09/1984,176,57.33
f078815b-9229-4bf4-b92b-07cab85ece9b,John Jones,05/08/1978,170,1.99
35ef6052-1928-4c15-a9fd-a7ddbb5080b6,Dave Davis,09/12/1988,159,24.04
2bc84e22-9405-4ac0-a70c-5373be17484b,Liz Elizabeth,21/03/1992,181,193.22
af80e24f-d268-4cdf-8b39-f9a4bbfd15cb,Chistina Chris,01/02/1993,177,7.32
c0c79bb4-afa7-43aa-9dc7-776fe7d17357,Ken Kenneth,30/09/1984,176,57.33
738c3162-4d1e-4a10-9b1f-1969a0e0e60b,John Jones,05/08/1978,170,1.99
afbbd5fe-b75a-4eea-af3d-0a56dd21d67c,Dave Davis,09/12/1988,159,24.04
45fd1b1d-61e9-4d6b-affb-e0f7f4e20fa1,Liz Elizabeth,21/03/1992,181,193.22
8014f7d6-30b0-42ea-9d52-2f46deebfa14,Chistina Chris,01/02/1993,177,7.32
58dbe488-c916-49cd-8c00-75980bce6da5,Ken Kenneth,30/09/1984,176,57.33
ffe6b04c-42b5-4f1b-aac2-7cc43197d019,John Jones,05/08/1978,170,1.99
164c652d-04d6-4b1d-85d2-d5015080c72f,Dave Davis,09/12/1988,159,24.04
ebee73ee-3550-4687-97db-96ac112c94b1,Liz Elizabeth,21/03/1992,181,193.22
73976dd8-c0c4-4b05-b516-352f69499e9a,Chistina Chris,01/02/1993,177,7.32
e8240178-323f-4d5e-bb87-43c0d0e0cbb1,Ken Kenneth,30/09/1984,176,57.33
4d89dcc9-977d-489b-b840-46866e5de69c,John Jones,05/08/1978,170,1.99
78be6ae2-2967-4141-a11d-f0cf5e530306,Dave Davis,09/12/1988,159,24.04
4c6c6210-c6af-4b7b-a749-ea966cdb61da,Liz Elizabeth,21/03/1992,181,193.22
43e4e640-7c2f-49fd-b3ee-ea8f9acc1d5c,Chistina Chris,01/02/1993,177,7.32
5515e85c-0183-4959-9dd7-e0f1ccbb7525,Ken Kenneth,30/09/1984,176,57.33
291929ec-7c9a-4aee-a260-9112ce13c56c,John Jones,05/08/1978,170,1.99
6100d6c7-cd99-4e13-854f-d56a5cff1fe0,Dave Davis,09/12/1988,159,24.04
0bf0fc05-ad9d-477e-8391-4037369a1c0a,Liz Elizabeth,21/03/1992,181,193.22
85d171df-bbe0-447a-8421-a5f2be9197a7,Chistina Chris,01/02/1993,177,7.32
9eedffef-e6cf-415d-bd85-7326a8659db4,Ken Kenneth,30/09/1984,176,57.33
6a1c889d-6d26-4261-86a5-78fe3720eb4e,John Jones,05/08/1978,170,1.99
d119312e-6980-4c01-b953-3743e05845b6,Dave Davis,09/12/1988,159,24.04
382eb866-b80f-4300-95f3-5270f5dd267b,Liz Elizabeth,21/03/1992,181,193.22
19ed773c-e6ca-42db-a763-952122f2f371,Chistina Chris,01/02/1993,177,7.32
9458a6ba-88bb-4a1d-9081-01edc917e90a,Ken Kenneth,30/09/1984,176,57.33
955867ac-5974-48d2-a867-78477a7f4271,John Jones,05/08/1978,170,1.99
b325e4f9-bc8e-4893-bf74-9974baf8ffeb,Dave Davis,09/12/1988,159,24.04
9db1cb09-6f1d-43c6-afe0-c42237278bf4,Liz Elizabeth,21/03/1992,181,193.22
19053591-674e-409f-bdb7-72610f43c610,Chistina Chris,01/02/1993,177,7.32
65721cde-df6b-4c04-8476-909265d9ea98,Ken Kenneth,30/09/1984,176,57.33
6536ca1c-4a42-42d1-9afb-8fae3d48c798,John Jones,05/08/1978,170,1.99
4d68bdcd-4a88-4e80-ad47-cc0004f6ccda,Dave Davis,09/12/1988,159,24.04
5ebbd4a5-049d-4d06-bcbd-add85e01a6f0,Liz Elizabeth,21/03/1992,181,193.22
fabbd565-b817-43f0-913e-7d8b6733dc0a,Chistina Chris,01/02/1993,177,7.32
4818424b-cee1-48a9-bd33-73c2b170d65c,Ken Kenneth,30/09/1984,176,57.33
502d7f5a-0f40-4e2e-8076-5636334de855,John Jones,05/08/1978,170,1.99
7002ec97-2e05-4c9b-9f18-ccc99081b9b0,Dave Davis,09/12/1988,159,24.04
c72f0f96-1f99-4263-b294-ea8622cc1269,Liz Elizabeth,21/03/1992,181,193.22
1172bbe8-0b1f-4e4d-9aac-1cd5bf28f892,Chistina Chris,01/02/1993,177,7.32
8acac553-4221-491d-95ae-59bb8470a41f,Ken Kenneth,30/09/1984,176,57.33
515dcbf8-76ea-482d-9500-90415e3004f9,John Jones,05/08/1978,170,1.99
aa15728f-5273-4c45-aed5-ee8e45bb27f5,Dave Davis,09/12/1988,159,24.04
1f97806e-a25e-42cd-b14a-a82737ddfa90,Liz Elizabeth,21/03/1992,181,193.22
e19eb153-5540-4a9a-ab54-3de8ddb58ed0,Chistina Chris,01/02/1993,177,7.32
c9b871ab-de2f-4458-90eb-3aea39c32c88,Ken Kenneth,30/09/1984,176,57.33
90904786-bb83-4374-8624-88a3146250e5,John Jones,05/08/1978,170,1.99
e0fd575d-b16d-4dbd-81e3-b296c365e78a,Dave Davis,09/12/1988,159,24.04
e800e15d-bc57-4d4a-b9dd-0be355961e4c,Liz Elizabeth,21/03/1992,181,193.22
9756c643-be7b-4096-b0bf-25d6193c6f03,Chistina Chris,01/02/1993,177,7.32
5ff3614e-359b-4c0b-9311-24fb6aa2b5e0,Ken Kenneth,30/09/1984,176,57.33
62be768c-3b2b-40b5-b3cf-d4f16687651c,John Jones,05/08/1978,170,1.99
75b71b37-47da-43b5-9635-3d8bac6ebb33,Dave Davis,09/12/1988,159,24.04
39837e0b-b2ee-4923-a905-41439eb11343,Liz Elizabeth,21/03/1992,181,193.22
c3fc889a-bba1-47b5-904c-9089a88f3cc3,Chistina Chris,01/02/1993,177,7.32
622e113c-3161-4cb9-b1a4-bb0398bcf2d0,Ken Kenneth,30/09/1984,176,57.33
2da2315f-9122-4860-9bdf-f025307c0127,John Jones,05/08/1978,170,1.99
f3b289d5-3272-4f64-9547-c6bc63d735d1,Dave Davis,09/12/1988,159,24.04
a885a7be-909c-4a66-bb05-9536bd22d696,Liz Elizabeth,21/03/1992,181,193.22
aa1a2de9-6411-47a9-95bf-9a4ca904ba19,Chistina Chris,01/02/1993,177,7.32
6f5b36a5-0711-49d6-aadb-0c56f7be97e7,Ken Kenneth,30/09/1984,176,57.33
f509ecb2-0bc0-4cd9-b5d7-fb08844eb6a4,John Jones,05/08/1978,170,1.99
b0acfe87-bec7-41cd-ae52-307c63ef763c,Dave Davis,09/12/1988,159,24.04
a0b8f908-5e19-4dd5-b45f-b4bb45070e74,Liz Elizabeth,21/03/1992,181,193.22
57699475-ad46-4c37-b2e3-273310abd78d,Chistina Chris,01/02/1993,177,7.32
84f01207-a9d7-4114-acd1-7123b2467167,Ken Kenneth,30/09/1984,176,57.33
bfb420e0-8d66-4d6e-9586-8c9533f82710,John Jones,05/08/1978,170,1.99
cca922d8-4e40-4d35-a967-b78693387fa1,Dave Davis,09/12/1988,159,24.04
1aa778f6-03e9-4cad-a73d-5db49dbc26ae,Liz Elizabeth,21/03/1992,181,193.22
53f54b0b-1b8f-40e5-b76e-cfd43185cacf,Chistina Chris,01/02/1993,177,7.32
666a4b00-4279-4b5a-959d-0fa2dc872d55,Ken Kenneth,30/09/1984,176,57.33
cf540ec0-3a05-49d4-9577-e94022a26ed3,John Jones,05/08/1978,170,1.99
9c50700b-cbf6-4574-bf62-8d84ae6086a6,Dave Davis,09/12/1988,159,24.04
8be61261-0005-45cd-b026-79122c6935af,Liz Elizabeth,21/03/1992,181,193.22
6d4a2789-4acb-48b9-b69e-782dc5c61cd1,Chistina Chris,01/02/1993,177,7.32
1a11913a-7cfb-431a-b616-967fab948124,Ken Kenneth,30/09/1984,176,57.33
c8a5cdf1-d49c-4d7c-bb41-5a6b9539279d,John Jones,05/08/1978,170,1.99
f45f7bf7-6902-4b89-9082-01a533b5acc9,Dave Davis,09/12/1988,159,24.04
0aaa82aa-8876-4604-88cb-dcaa16e5595f,Liz Elizabeth,21/03/1992,181,193.22
fe7edc70-ca21-44d4-a735-d0be4fbf936b,Chistina Chris,01/02/1993,177,7.32
16ce4cfc-c5e7-4075-a161-33a52d71030b,Ken Kenneth,30/09/1984,176,57.33
dc558e67-3276-4fe9-ac58-8296829066df,John Jones,05/08/1978,170,1.99
cb138658-4383-4d8e-8847-b0e7e23e1a27,Dave Davis,09/12/1988,159,24.04
65609f7c-7f39-4522-be4d-769273b31aa1,Liz Elizabeth,21/03/1992,181,193.22
977974b2-a5af-4deb-9305-d0811b030f63,Chistina Chris,01/02/1993,177,7.32
a90cbfed-0826-4c4b-9eaa-8df7fe1731a1,Ken Kenneth,30/09/1984,176,57.33
e6977d25-66f3-4687-a809-3690946addab,John Jones,05/08/1978,170,1.99
a201a249-9c18-4573-8af2-18009e060b2d,Dave Davis,09/12/1988,159,24.04
617a7bc1-a4d8-4e3f-8363-9b73e4cbad0d,Liz Elizabeth,21/03/1992,181,193.22
55aa1c60-e2b2-4f37-930f-6a244d389b2b,Chistina Chris,01/02/1993,177,7.32
5974276d-4f0b-4b15-b6b0-2ec5ddc47b45,Ken Kenneth,30/09/1984,176,57.33
8144f472-b5ff-46bc-8ecc-983df97c68b3,John Jones,05/08/1978,170,1.99
a8020309-8123-4594-b34d-a30db186100c,Dave Davis,09/12/1988,159,24.04
3814ca0b-22ba-4aa7-bfd3-568b5e93fe10,Liz Elizabeth,21/03/1992,181,193.22
f738b00c-326c-4c1a-bb55-a46354103f76,Chistina Chris,01/02/1993,177,7.32
e4700a3e-6ffe-4f6e-a11e-308eb9a82919,Ken Kenneth,30/09/1984,176,57.33
2e89f382-05b1-4287-8252-bee9ce60b6c1,John Jones,05/08/1978,170,1.99
c9ee6187-87f7-460c-ad2d-579cb2dde344,Dave Davis,09/12/1988,159,24.04
c4f12478-98b2-454f-a2d5-f706d515d679,Liz Elizabeth,21/03/1992,181,193.22
d5cee21f-942a-4eab-8015-cb9805991d4c,Chistina Chris,01/02/1993,177,7.32
b159905c-6c02-43c8-9884-1d916ff86cbc,Ken Kenneth,30/09/1984,176,57.33
d3b44e7a-73db-487b-9f36-4dcc97b2defa,John Jones,05/08/1978,170,1.99
1c32677b-03fc-47ed-b509-59e480ee0d9e,Dave Davis,09/12/1988,159,24.04
9193dccb-cf66-4ba7-8e0c-e542b8d14f04,Liz Elizabeth,21/03/1992,181,193.22
9e0c53a2-ec48-4dd2-a195-606ea6099240,Chistina Chris,01/02/1993,177,7.32
f2d2453f-b830-44b6-b5cb-199cc74700bb,Ken Kenneth,30/09/1984,176,57.33
c18fd961-7d09-4085-972d-5926d9885c40,John Jones,05/08/1978,170,1.99
bffa1e6f-14f6-4582-9858-31350fe14ec2,Dave Davis,09/12/1988,159,24.04
a5da2a13-7686-4b35-91f2-6ed0bc8a8c06,Liz Elizabeth,21/03/1992,181,193.22
1ba2e74b-f335-471b-a428-9e9858b5b70e,Chistina Chris,01/02/1993,177,7.32
338b796e-3859-4384-80d7-137de35aceb2,Ken Kenneth,30/09/1984,176,57.33
35c6af3e-75ce-42fe-8c0b-cdd1fc8be4cd,John Jones,05/08/1978,170,1.99
8d94a724-0d48-44cf-8059-abcc98df31b6,Dave Davis,09/12/1988,159,24.04
6bf0e336-2a2e-43a2-8c57-8aff2526fc1f,Liz Elizabeth,21/03/1992,181,193.22
cd623121-c2e7-45e6-92d7-956131b7715c,Chistina Chris,01/02/1993,177,7.32
cad996c5-f5c8-4948-9900-322530cda05b,Ken Kenneth,30/09/1984,176,57.33
bf82c1d0-79e9-451f-802f-0a6a41592259,John Jones,05/08/1978,170,1.99
b6b6d8c7-3854-4241-aa77-558a2c129c66,Dave Davis,09/12/1988,159,24.04
8ef58cca-da84-4648-b1a6-201ffe360820,Liz Elizabeth,21/03/1992,181,193.22
d8431a10-8d2a-406a-b479-8aa000733264,Chistina Chris,01/02/1993,177,7.32
f98650cd-3595-41bd-adf7-09121e94c80f,Ken Kenneth,30/09/1984,176,57.33
07d6028a-4bdc-4b6b-bd50-0e84278cf721,John Jones,05/08/1978,170,1.99
8f6e5f9d-4d9c-40f6-b1fe-16e40720ac21,Dave Davis,09/12/1988,159,24.04
d63970e7-7ee1-4473-8287-7bff5a0a892c,Liz Elizabeth,21/03/1992,181,193.22
d1815b31-5388-4f62-9192-a23a6fcd9952,Chistina Chris,01/02/1993,177,7.32
d4a33396-80bb-49d7-8c3a-d05bff1c591b,Ken Kenneth,30/09/1984,176,57.33
7c65a141-fa1c-4062-be29-9429f2b53d6d,John Jones,05/08/1978,170,1.99
aae3d34d-43b3-4c83-8e18-177599e17f53,Dave Davis,09/12/1988,159,24.04
b1e4b7c1-4b63-4f58-bf82-08541e585f91,Liz Elizabeth,21/03/1992,181,193.22
40e56d1f-03ff-4318-be5f-03ea0643ad89,Chistina Chris,01/02/1993,177,7.32
b815efce-7f15-4e3c-a170-22850b1a20af,Ken Kenneth,30/09/1984,176,57.33
1391d8d0-ffdf-4c07-b539-b2913f4bb8a2,John Jones,05/08/1978,170,1.99
9c7dbf60-d60c-4a4b-a41d-7867a7fc27cb,Dave Davis,09/12/1988,159,24.04
e808c7bf-69f6-4344-abcd-67c963ed9099,Liz Elizabeth,21/03/1992,181,193.22
43f404f7-e8e4-4623-be52-a0ed068a17ba,Chistina Chris,01/02/1993,177,7.32
3b48f182-9ad9-4a48-9b3d-8f48ae646df3,Ken Kenneth,30/09/1984,176,57.33
d77bd2af-9da7-44f7-a221-41ec62d2cc23,John Jones,05/08/1978,170,1.99
00dcfdde-c687-46fa-b5ac-5c157313494b,Dave Davis,09/12/1988,159,24.04
82cc43da-4682-4163-82d3-480f0c03ce9c,Liz Elizabeth,21/03/1992,181,193.22
ab0fb806-e82e-476b-9807-24d3a4e716c2,Chistina Chris,01/02/1993,177,7.32
03d8f1cd-7420-4744-8bed-b19967dc97d0,Ken Kenneth,30/09/1984,176,57.33
7cfaf68c-3cf7-46e7-bdf1-4528a257db06,John Jones,05/08/1978,170,1.99
0a06d02b-4380-4d60-98d6-112c7cda60ba,Dave Davis,09/12/1988,159,24.04
37a9a3a9-779a-47c1-be3a-aa2c026a46c6,Liz Elizabeth,21/03/1992,181,193.22
bb9c01d9-4062-45ff-b338-8e959699764e,Chistina Chris,01/02/1993,177,7.32
9036b560-627b-43a8-bb3f-c1764d347645,Ken Kenneth,30/09/1984,176,57.33
8dca0b67-ee58-4206-a813-bc05a4aef77c,John Jones,05/08/1978,170,1.99
37d91b08-7960-418c-95fa-c7b2d8aec534,Dave Davis,09/12/1988,159,24.04
25053ec7-bf46-436d-b4e2-5cc7502be949,Liz Elizabeth,21/03/1992,181,193.22
ecaf0bff-3541-4d08-8a19-f2a499b41ca8,Chistina Chris,01/02/1993,177,7.32
c1b51afe-0322-4e8a-9877-bfe184f088ea,Ken Kenneth,30/09/1984,176,57.33
a91026e4-c239-49d7-8ffd-1a642e444679,John Jones,05/08/1978,170,1.99
4d118f3e-fa45-40ef-b756-32b4a5d4a6dd,Dave Davis,09/12/1988,159,24.04
1c9ecbc2-2b5c-4033-b1c6-38acf9b47cd8,Liz Elizabeth,21/03/1992,181,193.22
d41478cd-eac6-43a4-ad6a-c7240e2c7394,Chistina Chris,01/02/1993,177,7.32
7a444343-290c-4b46-befc-f1e1cd8e0c2d,Ken Kenneth,30/09/1984,176,57.33
0908768a-f238-42b3-b9c5-124567366373,John Jones,05/08/1978,170,1.99
c0bb7a6c-ae3e-476d-a77d-76bc744e9b1d,Dave Davis,09/12/1988,159,24.04
586fdc2b-13cd-419f-a39e-4dcd010e0ea6,Liz Elizabeth,21/03/1992,181,193.22
7c8216a3-13c7-42dc-bf25-0df663d822f1,Chistina Chris,01/02/1993,177,7.32
929fe237-ee99-41df-835a-aa4d835ec947,Ken Kenneth,30/09/1984,176,57.33
34b80b53-df0a-4111-b5a2-170b95b19181,John Jones,05/08/1978,170,1.99
bde496e0-840f-43da-bae4-608b7a1ff466,Dave Davis,09/12/1988,159,24.04
152e33b0-3b14-4b17-a40b-220007b474e2,Liz Elizabeth,21/03/1992,181,193.22
6c78decd-1ecd-40e4-8bd1-d0a03a04deee,Chistina Chris,01/02/1993,177,7.32
eab101aa-9d91-4b4e-bb53-d7b09973cf75,Ken Kenneth,30/09/1984,176,57.33
0b3f9c56-bc59-4485-9118-19f4c6864085,John Jones,05/08/1978,170,1.99
ba2b0902-0406-47ec-aa1e-9be9e5e83840,Dave Davis,09/12/1988,159,24.04
c1261bad-4770-42af-9722-beac2ec5e20e,Liz Elizabeth,21/03/1992,181,193.22
2abea537-dcbe-434a-9799-cf63178ee8b7,Chistina Chris,01/02/1993,177,7.32
4f2a61d6-87ef-47d3-b0d4-8ed57b1a681c,Ken Kenneth,30/09/1984,176,57.33
7406ebcf-84f3-452c-bee3-d31e82639c6b,John Jones,05/08/1978,170,1.99
c49ea4f9-4d79-48ab-a86b-4d38fe0499aa,Dave Davis,09/12/1988,159,24.04
eeb25275-743b-4cc5-a2ec-420f1cf76893,Liz Elizabeth,21/03/1992,181,193.22
b83b7a87-fa76-4f34-8470-f97b711895c9,Chistina Chris,01/02/1993,177,7.32
6a5e65dc-11f5-4088-b60f-6f065430162c,Ken Kenneth,30/09/1984,176,57.33
86dab2e9-9c7c-4deb-adb0-c313dcc591b2,John Jones,05/08/1978,170,1.99
2fa34033-f68f-4006-8bb8-536717721dd8,Dave Davis,09/12/1988,159,24.04
119d5c7b-da8a-4d8c-a0fe-3c2c210e631a,Liz Elizabeth,21/03/1992,181,193.22
1036632f-955b-498d-90db-8161954b3e96,Chistina Chris,01/02/1993,177,7.32
8f58ee26-02f4-4fd9-b81d-811720c52d0d,Ken Kenneth,30/09/1984,176,57.33
cbd77745-6333-4dca-877d-359e262d8da3,John Jones,05/08/1978,170,1.99
8fd43e06-665d-401f-a3fc-8d208087e1f3,Dave Davis,09/12/1988,159,24.04
6685e49f-4bc4-43ef-885a-27f024a51fa0,Liz Elizabeth,21/03/1992,181,193.22
336baca6-4f93-4f6c-a9b1-16dabd8903f1,Chistina Chris,01/02/1993,177,7.32
56dcf7e0-4d64-4b9a-bd8e-f20c52574ea1,Ken Kenneth,30/09/1984,176,57.33
babcf8a7-d2e4-4a46-8190-8dc9f6289a5a,John Jones,05/08/1978,170,1.99
b55d49dd-524f-49e7-9895-048cd2726910,Dave Davis,09/12/1988,159,24.04
8d1463b0-c5a7-409c-8390-c52c505cea23,Liz Elizabeth,21/03/1992,181,193.22
48bd3b5b-f976-448a-be8a-56b11c15b88c,Chistina Chris,01/02/1993,177,7.32
7ab8ad05-a2db-47c3-b6ae-7e3942d5bdbd,Ken Kenneth,30/09/1984,176,57.33
e7e333b9-0a99-4cdf-b613-85dce0a13969,John Jones,05/08/1978,170,1.99
3979961b-b660-4618-b2ea-0aa66f0c0a70,Dave Davis,09/12/1988,159,24.04
f81b7c50-e893-445b-9d13-f008d83b0140,Liz Elizabeth,21/03/1992,181,193.22
78274dac-dd28-4680-b472-9bb96eeba320,Chistina Chris,01/02/1993,177,7.32
22fcd49d-0ad7-40f2-bedf-2435d9ceb2e1,Ken Kenneth,30/09/1984,176,57.33
0ded8054-6d8a-4f0e-b97a-b6b999d06ff4,John Jones,05/08/1978,170,1.99
7b96e577-1156-48be-8c4b-9ba79f44f9ae,Dave Davis,09/12/1988,159,24.04
5399d983-c89f-4560-b630-078a14d6825e,Liz Elizabeth,21/03/1992,181,193.22
8e388fcd-0a5f-433e-afed-268ebf05688e,Chistina Chris,01/02/1993,177,7.32
e920ce1c-f890-4178-86bf-b461f29b3ae2,Ken Kenneth,30/09/1984,176,57.33
86156d9f-cc64-45fa-88d3-da0fdce52f25,John Jones,05/08/1978,170,1.99
451dcf48-3221-4c66-bdc0-aac35b6884e1,Dave Davis,09/12/1988,159,24.04
0c107973-7c8f-40d2-a8ab-04aaf1774453,Liz Elizabeth,21/03/1992,181,193.22
5ffb5ba9-2bdf-4468-8b7d-f49b09789422,Chistina Chris,01/02/1993,177,7.32
521ce3d7-6b35-48e8-b8b8-a3a1151ac436,Ken Kenneth,30/09/1984,176,57.33
026d2e58-ec36-4829-875c-3f3db983f17d,John Jones,05/08/1978,170,1.99
d0405e11-ea81-44d6-84c3-8f7a65d354e2,Dave Davis,09/12/1988,159,24.04
a3619885-ac32-4c0a-854c-1667bffa2319,Liz Elizabeth,21/03/1992,181,193.22
c19d370c-f77f-4ead-b723-32076ba76fd4,Chistina Chris,01/02/1993,177,7.32
16b4e9e2-17f6-49d9-a12b-bf3b681e1092,Ken Kenneth,30/09/1984,176,57.33
72c32c69-90bb-49f1-b1d2-6abffa912b3d,John Jones,05/08/1978,170,1.99
4d0b6a58-58cf-4f98-b421-2ac1212d1e5d,Dave Davis,09/12/1988,159,24.04
1dfbb727-f910-4ca2-b918-4c5d5b53f246,Liz Elizabeth,21/03/1992,181,193.22
c7ac000e-5674-41fd-8132-536973cf4f01,Chistina Chris,01/02/1993,177,7.32
758acccf-444e-4daf-bb04-7ce04fe7f103,Ken Kenneth,30/09/1984,176,57.33
abdb0463-8aad-4dcf-a70b-fcdd328f956b,John Jones,05/08/1978,170,1.99
dcf6d749-027e-4db5-b574-5c881dd93149,Dave Davis,09/12/1988,159,24.04
2d09307d-a5a9-4ddc-a03c-d656c6b0bebe,Liz Elizabeth,21/03/1992,181,193.22
49ce6c74-06fe-4a48-9203-f3b8a5e9f8ae,Chistina Chris,01/02/1993,177,7.32
a3675038-364a-4c5d-bdd0-111857624c82,Ken Kenneth,30/09/1984,176,57.33
56c13656-234f-4356-a003-f47359254ac8,John Jones,05/08/1978,170,1.99
186144ae-a680-40f2-a71a-61aa8cf6e6b7,Dave Davis,09/12/1988,159,24.04
49854e68-56ca-4052-b9eb-794f546f4370,Liz Elizabeth,21/03/1992,181,193.22
9b00ae79-4f5d-44c4-8642-259d384a674e,Chistina Chris,01/02/1993,177,7.32
eb2c2154-35cc-49a1-8bf0-31cdefeecf30,Ken Kenneth,30/09/1984,176,57.33
f3ee3e48-5776-4fbd-bebe-4affd6799083,John Jones,05/08/1978,170,1.99
2a1b20b7-a8ba-4482-ab5f-3ab404f10393,Dave Davis,09/12/1988,159,24.04
afce1e73-6edb-4924-a32b-21130c5eb955,Liz Elizabeth,21/03/1992,181,193.22
0057bfe6-5cad-4e94-83b5-0cef166b1950,Chistina Chris,01/02/1993,177,7.32
31c32f29-ad60-4111-a30c-cb59959f3637,Ken Kenneth,30/09/1984,176,57.33
d0025819-f6fd-493b-91a4-ff7232d97b9a,John Jones,05/08/1978,170,1.99
e1e2fda8-fc3c-443d-a48b-f3d0d2ddbec9,Dave Davis,09/12/1988,159,24.04
9eccc3d1-1b54-4a27-93c1-12dcb9f48ba8,Liz Elizabeth,21/03/1992,181,193.22
99e39e18-1c10-4355-ae9d-fc083a5e782f,Chistina Chris,01/02/1993,177,7.32
34593b98-e4b3-4ba4-9e75-5de7a75cb4d4,Ken Kenneth,30/09/1984,176,57.33
47f5dfff-9aed-4038-a7ff-68f3ffd6d0f3,John Jones,05/08/1978,170,1.99
94c0083f-3b09-426a-9a1a-10c4a50104f5,Dave Davis,09/12/1988,159,24.04
b76fce28-ef9f-4ed6-852d-d3be51284274,Liz Elizabeth,21/03/1992,181,193.22
73a63956-1c95-4fcf-aaff-dd6e7005cc66,Chistina Chris,01/02/1993,177,7.32
d1b4b83d-b172-4982-be56-99660604a02c,Ken Kenneth,30/09/1984,176,57.33
50e3c228-298e-4164-bc68-601e0b05fd6e,John Jones,05/08/1978,170,1.99
13c3799a-3a03-4108-b3c4-b68b0408d0d7,Dave Davis,09/12/1988,159,24.04
ab13b343-6bd1-4709-a698-c97285880188,Liz Elizabeth,21/03/1992,181,193.22
d778bcd9-f6cd-4267-8b7f-780b9ce8d98a,Chistina Chris,01/02/1993,177,7.32
4ea24f27-6bbf-4763-9a9a-10bfffd3b182,Ken Kenneth,30/09/1984,176,57.33
31953746-e4a9-4f7e-bb23-460041ce2853,John Jones,05/08/1978,170,1.99
ba98c94d-4b55-4259-97dd-0bc47e644461,Dave Davis,09/12/1988,159,24.04
04ac915a-9b24-4762-afcf-b1b60861afbd,Liz Elizabeth,21/03/1992,181,193.22
3862a201-6e92-4e53-a3d7-27bc4f1138c9,Chistina Chris,01/02/1993,177,7.32
f7af0383-e99f-4a3b-aa3e-37324eab16eb,Ken Kenneth,30/09/1984,176,57.33
23393d72-0336-407e-aff9-f719b5eacc35,John Jones,05/08/1978,170,1.99
49ef2141-396b-4bf7-9c12-555f5f80ae87,Dave Davis,09/12/1988,159,24.04
0966f502-e873-441e-b5bc-f8d38a519ee9,Liz Elizabeth,21/03/1992,181,193.22
49c7f703-218d-482b-831f-2896cf4dfba5,Chistina Chris,01/02/1993,177,7.32
cde02639-89a0-4131-99b1-2fa77360cd40,Ken Kenneth,30/09/1984,176,57.33
9d7a9618-243f-4336-a265-3d4220034c83,John Jones,05/08/1978,170,1.99
86cbcb93-3a56-4a2f-a497-7003e679206c,Dave Davis,09/12/1988,159,24.04
4f516784-7236-4c29-bc54-3eaf480305ea,Liz Elizabeth,21/03/1992,181,193.22
a9d7d7a3-02f9-450b-b721-08d37f525b62,Chistina Chris,01/02/1993,177,7.32
91676732-e185-4c0c-9b87-df86b863886c,Ken Kenneth,30/09/1984,176,57.33
0ee90cef-34ec-4f7f-8a79-8ede0a3f1b69,John Jones,05/08/1978,170,1.99
2b646c86-1e1e-4f19-8ded-2730ffdb006a,Dave Davis,09/12/1988,159,24.04
93941b0d-826e-4251-9255-cf4f84cb1d3c,Liz Elizabeth,21/03/1992,181,193.22
f4f302b5-1c53-4b9f-8167-f5d2b0ed7945,Chistina Chris,01/02/1993,177,7.32
5d683ca6-5585-41df-8cf1-62903625a1cd,Ken Kenneth,30/09/1984,176,57.33
664da3ca-a2ba-4006-9910-2dbec077cc93,John Jones,05/08/1978,170,1.99
33f07ecc-ae23-468f-860e-c20dffff75fc,Dave Davis,09/12/1988,159,24.04
c361eacb-4180-41a5-ad0e-41e33d2574b9,Liz Elizabeth,21/03/1992,181,193.22
7c0c3ec5-afb3-4d73-9f9f-782e5faffb29,Chistina Chris,01/02/1993,177,7.32
e017c1c9-7f2a-4f5e-848a-45ab759a74f2,Ken Kenneth,30/09/1984,176,57.33
f789bd29-c804-4d69-9353-9b9391c8c420,John Jones,05/08/1978,170,1.99
9eb844e9-f4eb-41a3-85af-081d47222c31,Dave Davis,09/12/1988,159,24.04
88b6307e-5d93-44c1-a849-1c853bd07a80,Liz Elizabeth,21/03/1992,181,193.22
d9aaa232-5d4f-4f3e-90f2-efd1ea50bc8d,Chistina Chris,01/02/1993,177,7.32
076f411c-f25a-4271-b1c7-75c6c4d96966,Ken Kenneth,30/09/1984,176,57.33
0688cccf-1e12-4864-8da3-95320b9696d5,John Jones,05/08/1978,170,1.99
69b9edf8-deb9-4955-9597-1631a918dea5,Dave Davis,09/12/1988,159,24.04
00f92609-f215-46aa-9a28-35f25b8da567,Liz Elizabeth,21/03/1992,181,193.22
ba6e3faf-9cb3-4b6f-a6b5-5bd765f7bae6,Chistina Chris,01/02/1993,177,7.32
6ee68080-a90c-4fe8-9f3f-bbf06faf4958,Ken Kenneth,30/09/1984,176,57.33
a1aae9be-b1e0-4cc6-b5e0-b6069e8426d0,John Jones,05/08/1978,170,1.99
aa0ffce6-5f43-481e-bc6e-396460be65fc,Dave Davis,09/12/1988,159,24.04
f085ef51-ad51-4d36-ba60-834c52fd9486,Liz Elizabeth,21/03/1992,181,193.22
06c044f4-b3b2-4aec-ba98-5b45b173b097,Chistina Chris,01/02/1993,177,7.32
f4864a53-5ecc-49f0-abce-22f79880a8b5,Ken Kenneth,30/09/1984,176,57.33
70c31b89-962e-46c4-a990-4ac5a4de30d5,John Jones,05/08/1978,170,1.99
4e227083-c1e3-499b-91af-8623836751a1,Dave Davis,09/12/1988,159,24.04
5b182bc8-e5a8-486e-9437-6aed0b116c5a,Liz Elizabeth,21/03/1992,181,193.22
6c979371-3743-4027-bf3c-4da2014ff4f9,Chistina Chris,01/02/1993,177,7.32
98d0b1ac-f6de-4b72-ab1b-c7e8a3dcec40,Ken Kenneth,30/09/1984,176,57.33
64edee1b-e0c3-4360-a022-09dad957f1d4,John Jones,05/08/1978,170,1.99
cacb52ca-3c3a-4fc4-8309-3684a07a313b,Dave Davis,09/12/1988,159,24.04
3d6b1fb6-9f33-4a3b-b45d-0bc37a0ca3f7,Liz Elizabeth,21/03/1992,181,193.22
dd2bc928-bd69-4dcd-99a3-36be1630f9a6,Chistina Chris,01/02/1993,177,7.32
fea56821-5d1b-4df8-a2ac-7a3b87fbd577,Ken Kenneth,30/09/1984,176,57.33
3e284e87-53e3-43fb-8615-ef6eb255d7d5,John Jones,05/08/1978,170,1.99
e4c8a873-fdbd-406e-9236-60875ef55707,Dave Davis,09/12/1988,159,24.04
b7de4439-0e76-4d65-b534-f9798f20f008,Liz Elizabeth,21/03/1992,181,193.22
06117da4-01a7-41fd-8c5e-c8b8c1c2ced0,Chistina Chris,01/02/1993,177,7.32
577beb75-17b2-4b10-a393-65c7e897ebe1,Ken Kenneth,30/09/1984,176,57.33
d209dbad-42bc-435f-84c3-6681e78ff446,John Jones,05/08/1978,170,1.99
fe4acaf2-45ce-4d0e-b964-79afa1e3659a,Dave Davis,09/12/1988,159,24.04
a153b95d-b087-40ba-b58e-d4ccf3471052,Liz Elizabeth,21/03/1992,181,193.22
2ea9caf5-cfdb-4ff3-b530-d4a4796157ad,Chistina Chris,01/02/1993,177,7.32
ede1e1aa-a524-4b16-9419-40214bb70d51,Ken Kenneth,30/09/1984,176,57.33
975f1a3f-17b0-477a-a83e-3a950821655b,John Jones,05/08/1978,170,1.99
fa102e96-c376-4233-ab3f-9282a099d761,Dave Davis,09/12/1988,159,24.04
323f27fc-c9ba-4783-a3d9-0199a723731f,Liz Elizabeth,21/03/1992,181,193.22
e1868990-1fcd-4298-946e-7ba5b933a980,Chistina Chris,01/02/1993,177,7.32
a0a77eed-79ef-466f-9da6-c72b7d33b4ae,Ken Kenneth,30/09/1984,176,57.33
37dd5b2c-c07d-428f-ab05-38e695db80b5,John Jones,05/08/1978,170,1.99
767dff73-216d-4a2e-b487-9de158a9f40b,Dave Davis,09/12/1988,159,24.04
696aa5df-bf5e-4e1a-a298-0d2f21b252b7,Liz Elizabeth,21/03/1992,181,193.22
9a18e40f-bb9f-4f25-88de-f2cbb32f872f,Chistina Chris,01/02/1993,177,7.32
36add7d8-3920-4a80-a764-5cc1c9d4339c,Ken Kenneth,30/09/1984,176,57.33
419cf9a2-ebf8-42b7-bacb-05692c713b5a,John Jones,05/08/1978,170,1.99
fab1871e-22b3-465a-bf44-1d93577eaa88,Dave Davis,09/12/1988,159,24.04
74140b8e-72ea-499d-a620-6b111475c468,Liz Elizabeth,21/03/1992,181,193.22
cd50497b-4d9d-4ed0-89fa-49a965374dac,Chistina Chris,01/02/1993,177,7.32
ec8a8ed5-cb44-47cf-abc1-7664bf483086,Ken Kenneth,30/09/1984,176,57.33
c68bb6f4-489e-4c5a-9f75-47bb970fae15,John Jones,05/08/1978,170,1.99
d684e6a3-7157-40cc-8560-c330355b320e,Dave Davis,09/12/1988,159,24.04
678d855c-230e-434b-92bf-e501ef5e0c05,Liz Elizabeth,21/03/1992,181,193.22
d2d82378-68f1-4ed3-93f4-6cf0b47a5eef,Chistina Chris,01/02/1993,177,7.32
95564c42-55c3-49de-b5e2-a3cc70c66640,Ken Kenneth,30/09/1984,176,57.33
c280aa19-37be-49d3-9f78-e3aec649ea3e,John Jones,05/08/1978,170,1.99
47794c42-d4a4-4b96-b694-383150bf6c4e,Dave Davis,09/12/1988,159,24.04
7f9de674-f317-4bb9-85e1-6b2e49746681,Liz Elizabeth,21/03/1992,181,193.22
c9aa42dd-9b3d-424d-a85f-13e437eeca02,Chistina Chris,01/02/1993,177,7.32
1c378c1f-a2a5-4569-bea7-33324736ade2,Ken Kenneth,30/09/1984,176,57.33
4cf2f088-d552-468d-b8ed-418e23dcb544,John Jones,05/08/1978,170,1.99
c7ee7fe3-6351-4610-bddd-3564ffca2bb7,Dave Davis,09/12/1988,159,24.04
cbca4b75-fc89-4fd2-9e37-3a8f4fd07887,Liz Elizabeth,21/03/1992,181,193.22
28337923-d874-4fce-a912-27aaf313991d,Chistina Chris,01/02/1993,177,7.32
7b3c4c6d-fc73-4ea6-9c92-d8b5998968f6,Ken Kenneth,30/09/1984,176,57.33
3a35f8e0-4c5d-432e-a549-a34bf31923a7,John Jones,05/08/1978,170,1.99
3653b5c6-93fd-4863-992e-b0c5b6536d2c,Dave Davis,09/12/1988,159,24.04
8faa4a4b-a0d6-4fa4-8b0b-f322a3718c27,Liz Elizabeth,21/03/1992,181,193.22
b05a5a25-4c2d-4898-8ad3-ce0fee9440aa,Chistina Chris,01/02/1993,177,7.32
20f0fa17-73b4-4ebc-828a-01ca1abe1e0e,Ken Kenneth,30/09/1984,176,57.33
05d813f2-6243-4b10-9b73-a92180df1af1,John Jones,05/08/1978,170,1.99
1414387d-4abf-4381-a5e8-efa3aca67865,Dave Davis,09/12/1988,159,24.04
bd522d41-a983-4fdc-89a9-b61e6ad7402c,Liz Elizabeth,21/03/1992,181,193.22
0c15e1be-205e-4bd9-95d7-c84dec47f996,Chistina Chris,01/02/1993,177,7.32
4584262e-b869-4934-acdb-cd5f285cd1c8,Ken Kenneth,30/09/1984,176,57.33
5d3d68ca-af62-4503-a851-410a0dc0ea31,John Jones,05/08/1978,170,1.99
a8466699-ba7d-42f3-8297-a5b383af4f5d,Dave Davis,09/12/1988,159,24.04
7e1f3e69-8ead-49c9-9f53-eabc3883d126,Liz Elizabeth,21/03/1992,181,193.22
317a7e5a-086a-4c4e-872a-aecaf737975f,Chistina Chris,01/02/1993,177,7.32
4f0ad08f-2199-4e6e-a72d-14b246b48ae7,Ken Kenneth,30/09/1984,176,57.33
9a287411-3e4f-49aa-8fda-ad052e880318,John Jones,05/08/1978,170,1.99
27e46b7b-8970-41b0-b69a-12b29a7917e5,Dave Davis,09/12/1988,159,24.04
753266c3-c7ef-4e8a-bcd7-77c60f45469c,Liz Elizabeth,21/03/1992,181,193.22
32a58564-8c65-431a-8b91-183c55d014e5,Chistina Chris,01/02/1993,177,7.32
b3cba76b-e67d-4ae0-b7fd-84d8ec9c80c8,Ken Kenneth,30/09/1984,176,57.33
9faa5f8c-e12c-469e-8ce0-4d89733db02a,John Jones,05/08/1978,170,1.99
0d5acbaf-870f-44e1-8168-6dedd0f12164,Dave Davis,09/12/1988,159,24.04
bfdbed54-56d2-4708-a7ff-c73a3ee21c7a,Liz Elizabeth,21/03/1992,181,193.22
01c195bb-dfe3-4c84-be80-5996f3c01b00,Chistina Chris,01/02/1993,177,7.32
936e1f2b-a537-4a52-bfd4-886f74186ef5,Ken Kenneth,30/09/1984,176,57.33
274ead9f-5326-4685-b6f3-69f4f7eb49b2,John Jones,05/08/1978,170,1.99
dcb01b63-b238-49bf-a0fa-5df745f4bd7a,Dave Davis,09/12/1988,159,24.04
97372bef-67a0-483d-9504-8b75b61bc7eb,Liz Elizabeth,21/03/1992,181,193.22
ecc698bf-fb2e-4995-82dc-96efbce5c278,Chistina Chris,01/02/1993,177,7.32
b4da8961-4211-4671-9d00-df5366a3e910,Ken Kenneth,30/09/1984,176,57.33
d9ce762d-0322-482d-a534-884acab2a9d0,John Jones,05/08/1978,170,1.99
c3281df6-102e-44ff-9508-7257b98358e0,Dave Davis,09/12/1988,159,24.04
ac9d727b-fad6-4b01-946f-876b00f8566d,Liz Elizabeth,21/03/1992,181,193.22
da725b74-6393-44ee-a09e-5f9e1cdc165b,Chistina Chris,01/02/1993,177,7.32
9cc55e9a-8a8f-499f-abf8-12c1d66bb09d,Ken Kenneth,30/09/1984,176,57.33
9cf9ee0a-4a9d-4a24-ac65-61bcea5259a2,John Jones,05/08/1978,170,1.99
7cd824c9-50f0-48e2-a7eb-ff123ee26a94,Dave Davis,09/12/1988,159,24.04
489c7b8d-1122-498f-b0d4-afe8f5c4f335,Liz Elizabeth,21/03/1992,181,193.22
c074b21c-5e8d-47e4-8ce7-42730b143124,Chistina Chris,01/02/1993,177,7.32
55bb88c9-a6d5-45b1-b26c-329001ab0583,Ken Kenneth,30/09/1984,176,57.33
84074d8c-b3b7-46af-b602-fbc4d9ac6d58,John Jones,05/08/1978,170,1.99
ded73715-9648-42e5-88a5-a04bb99b1233,Dave Davis,09/12/1988,159,24.04
1e474277-f87f-4e25-a3c8-613b9eafb1ba,Liz Elizabeth,21/03/1992,181,193.22
6c4e3635-252a-46b4-98d3-0dfaca1707f9,Chistina Chris,01/02/1993,177,7.32
a1740746-b607-4e26-a442-1f486d29c766,Ken Kenneth,30/09/1984,176,57.33
302d133d-b5ba-4ed3-a264-29fb0b38f883,John Jones,05/08/1978,170,1.99
afc89af5-05d2-4ad0-b365-da63bf0b7163,Dave Davis,09/12/1988,159,24.04
42161d85-2ba5-45a5-914a-a9b7483f5eab,Liz Elizabeth,21/03/1992,181,193.22
0bb7e908-64cf-499a-bd51-4bee6fc5173c,Chistina Chris,01/02/1993,177,7.32
d451a554-1c5d-4a5f-b499-96b4cd6d358a,Ken Kenneth,30/09/1984,176,57.33
82c3d02b-764b-498c-b1bb-a0d59d5af6db,John Jones,05/08/1978,170,1.99
396b3d72-5e4e-434a-9c30-31aecd7b96bb,Dave Davis,09/12/1988,159,24.04
cf35f98b-4cd5-4b8c-9bcd-bb0fa6d91e7e,Liz Elizabeth,21/03/1992,181,193.22
4eda0ea9-cb36-4efd-b48c-12bf91f81954,Chistina Chris,01/02/1993,177,7.32
20b1ab75-1729-4005-b0c2-612ba7d02598,Ken Kenneth,30/09/1984,176,57.33
c51ecd0b-4057-4bb8-8c18-3604d3d6e556,John Jones,05/08/1978,170,1.99
9dec8ee8-8328-483a-8dd6-f6b674e5df62,Dave Davis,09/12/1988,159,24.04
ab53ae60-ee5d-436a-8405-e69c6bda9e1f,Liz Elizabeth,21/03/1992,181,193.22
ed472728-67c0-4bd5-bbc6-7e380a577fd3,Chistina Chris,01/02/1993,177,7.32
274fc57a-ffdf-4742-9ee5-df5770e492a8,Ken Kenneth,30/09/1984,176,57.33
a6269732-afa8-4712-ad80-97e3a1784379,John Jones,05/08/1978,170,1.99
cccf5ae4-70c7-4271-917b-f4964e4b81e1,Dave Davis,09/12/1988,159,24.04
c2870b02-f471-4f36-bf99-ff851c1b6742,Liz Elizabeth,21/03/1992,181,193.22
8da65d91-216c-4023-a49f-3314d835aae7,Chistina Chris,01/02/1993,177,7.32
7c2a051d-8c43-4fd3-9be7-4ede6bab4edd,Ken Kenneth,30/09/1984,176,57.33
c83a97c5-b51e-4579-8008-7b00327fd97b,John Jones,05/08/1978,170,1.99
0f67dc04-a1fc-4543-a15d-240d5d05f44b,Dave Davis,09/12/1988,159,24.04
fe70ca6c-61a1-4006-add5-0320ae3bf2eb,Liz Elizabeth,21/03/1992,181,193.22
a2c5ac2c-437d-4bd5-ba07-a13e37ec5692,Chistina Chris,01/02/1993,177,7.32
952d80a6-f640-4407-84de-9ee41003100d,Ken Kenneth,30/09/1984,176,57.33
4352ad0d-6abb-4986-a8c0-a5e7388eb5f7,John Jones,05/08/1978,170,1.99
eb0b8e54-977a-43cb-8b3c-3f8b4f9435b4,Dave Davis,09/12/1988,159,24.04
d506b25b-b7af-4c07-8659-a0b889970cc9,Liz Elizabeth,21/03/1992,181,193.22
37da3c39-fea6-4323-a75b-8e623f4b75cf,Chistina Chris,01/02/1993,177,7.32
e62d96c6-224b-401d-a0a2-33fbc89b97e2,Ken Kenneth,30/09/1984,176,57.33
24d7c910-7f32-42d0-a20b-9b5e16c22ebc,John Jones,05/08/1978,170,1.99
bc882930-06c7-462d-b7bb-52c6921c16cb,Dave Davis,09/12/1988,159,24.04
ea067a51-7372-4331-8e74-ee1d7fe47472,Liz Elizabeth,21/03/1992,181,193.22
e50808c0-8110-40e8-9895-0f5f378e8f78,Chistina Chris,01/02/1993,177,7.32
da24e3b4-3ce8-45b5-8b6b-49f6b226857a,Ken Kenneth,30/09/1984,176,57.33
f291720a-23b8-474b-bb98-68c447cc8352,John Jones,05/08/1978,170,1.99
3e7a6a30-e9ab-40d6-b17a-7da386d3d7e6,Dave Davis,09/12/1988,159,24.04
02351d9c-c29c-46ca-8858-569618955f0b,Liz Elizabeth,21/03/1992,181,193.22
b83950f2-e402-4d71-bd63-e929f9c0cee4,Chistina Chris,01/02/1993,177,7.32
e75bb88a-e292-406d-aa6f-d303df4b6632,Ken Kenneth,30/09/1984,176,57.33
c3007c96-c733-4844-9e9f-2c0a5b4a8722,John Jones,05/08/1978,170,1.99
711f2708-e6a8-41ba-af40-70b1859bfbf9,Dave Davis,09/12/1988,159,24.04
31e9fb94-281d-4548-a903-9d7b0b0bd586,Liz Elizabeth,21/03/1992,181,193.22
2ed853bd-859d-4dc2-aede-8acbe5a20a05,Chistina Chris,01/02/1993,177,7.32
c3856579-9d93-4e4b-bc36-3dd1e5eadb5b,Ken Kenneth,30/09/1984,176,57.33
4db3650c-7287-416b-9abc-5e12cae54ca7,John Jones,05/08/1978,170,1.99
9ecc9c20-5335-4ba4-b478-b2691d3bd9fb,Dave Davis,09/12/1988,159,24.04
2492e712-f049-4873-b2ed-6648fe471d1a,Liz Elizabeth,21/03/1992,181,193.22
c360e22d-bcaf-4ea8-bee2-2f998cc32109,Chistina Chris,01/02/1993,177,7.32
f31a8bdf-08bb-4655-8787-40b7596b0634,Ken Kenneth,30/09/1984,176,57.33
a030e3bb-18de-42d5-8fc1-81b9e983abd6,John Jones,05/08/1978,170,1.99
0181eda8-07e4-4171-a19f-e1663b69b2f1,Dave Davis,09/12/1988,159,24.04
d0360bbb-33b8-4f32-a62c-2f66294f7a34,Liz Elizabeth,21/03/1992,181,193.22
914dfca3-36da-433c-b56f-1ba2a3fcb81f,Chistina Chris,01/02/1993,177,7.32
352c486b-86d8-457e-b191-a2e6efcd2ace,Ken Kenneth,30/09/1984,176,57.33
89c1199e-5097-4402-85c1-a63914a1e45f,John Jones,05/08/1978,170,1.99
0194e210-7169-4fc4-a69f-4f3f828f8d9c,Dave Davis,09/12/1988,159,24.04
e9094bd3-418a-4b43-a897-999b42506f71,Liz Elizabeth,21/03/1992,181,193.22
a601908c-7279-4b0e-9a2d-cd743523abdb,Chistina Chris,01/02/1993,177,7.32
9b4ee5b4-cf98-443c-b341-f6801f5a2b68,Ken Kenneth,30/09/1984,176,57.33
7992bfe2-e656-418f-9a46-195ff0888651,John Jones,05/08/1978,170,1.99
3e884aa0-5fa4-4ac9-b56c-921a48429d61,Dave Davis,09/12/1988,159,24.04
5d4f7b06-5cf8-48ef-89cf-286dd2f4a3e3,Liz Elizabeth,21/03/1992,181,193.22
c03db4f7-bf3f-4b9c-88e7-480835565d1d,Chistina Chris,01/02/1993,177,7.32
f1c9fa25-0000-44fc-9f70-78434b460e0d,Ken Kenneth,30/09/1984,176,57.33
3dd6b840-b92c-4961-b672-2d2c128bc4c6,John Jones,05/08/1978,170,1.99
8a5d1f87-773b-4d37-a5a1-e4375c96dbe4,Dave Davis,09/12/1988,159,24.04
0a93d0d7-6e6c-4a21-a679-2e9949de7fb5,Liz Elizabeth,21/03/1992,181,193.22
9d223473-61f6-4a3d-b7a8-d676659ca283,Chistina Chris,01/02/1993,177,7.32
181ac5ee-beed-46c5-b6fc-3000272b5754,Ken Kenneth,30/09/1984,176,57.33
664acf75-42ea-41c8-8c93-311c2533f3ee,John Jones,05/08/1978,170,1.99
93165383-549c-47de-a4be-def6b0db428d,Dave Davis,09/12/1988,159,24.04
543d2131-e844-4a95-b9c6-7723497b490f,Liz Elizabeth,21/03/1992,181,193.22
77009f0a-bd8f-4eae-b729-f67999436b49,Chistina Chris,01/02/1993,177,7.32
8642786b-8c27-4ba5-b698-b9c60f7ffb99,Ken Kenneth,30/09/1984,176,57.33
2065d396-a353-4d3a-9ef7-941b16c3ea36,John Jones,05/08/1978,170,1.99
d7053a52-c61b-4848-82fc-3bb2f89642e4,Dave Davis,09/12/1988,159,24.04
b0061b7c-f9e1-4783-9ce9-f977a544d3a9,Liz Elizabeth,21/03/1992,181,193.22
18a510dd-a51f-4d1b-ad84-ae19573cad1b,Chistina Chris,01/02/1993,177,7.32
1226ac38-ea46-498e-8d2f-dee023f2eb70,Ken Kenneth,30/09/1984,176,57.33
37ae12a6-52df-4d6e-b0cc-389fc3e8f972,John Jones,05/08/1978,170,1.99
65039bc0-32cf-4a9a-94a0-10f641e05363,Dave Davis,09/12/1988,159,24.04
e31fab91-575d-4ae6-8b68-3814d165b69d,Liz Elizabeth,21/03/1992,181,193.22
1f62729a-6cff-4171-90b6-5d89278c668e,Chistina Chris,01/02/1993,177,7.32
d5829fb2-7bc7-4caf-8afe-7115e78f3ca3,Ken Kenneth,30/09/1984,176,57.33
2cdf484b-bbff-4c88-946f-8db450b62b4e,John Jones,05/08/1978,170,1.99
17a09ca3-d7db-4a47-9381-ae611ed3dfe8,Dave Davis,09/12/1988,159,24.04
641a2e3e-0f10-4476-8b82-c28db4568236,Liz Elizabeth,21/03/1992,181,193.22
8a61a812-7b07-4f91-a55d-052d4d4ce582,Chistina Chris,01/02/1993,177,7.32
d09ff0b2-1140-42a3-9b82-d4e53cbbfdc9,Ken Kenneth,30/09/1984,176,57.33
a83778b4-2a57-4910-9091-f5f97e8b1511,John Jones,05/08/1978,170,1.99
fea4bcbc-9266-480f-b153-6173ce49eed8,Dave Davis,09/12/1988,159,24.04
94a0df52-5c8f-4191-a2c4-ef1342e97c44,Liz Elizabeth,21/03/1992,181,193.22
363ac55e-687d-47c9-b7df-e199f55e2785,Chistina Chris,01/02/1993,177,7.32
5554e62e-7e63-4d35-8eec-ceee03dcb6d4,Ken Kenneth,30/09/1984,176,57.33
bbf65eae-7f46-4053-926d-de4bb7389222,John Jones,05/08/1978,170,1.99
f0ef4c00-327c-4f4a-863f-fa64a92eb525,Dave Davis,09/12/1988,159,24.04
23e0579c-4e35-4ecf-9fcd-ca6b9033349c,Liz Elizabeth,21/03/1992,181,193.22
f72cac23-af2c-44e1-bd1d-5d0da8decd68,Chistina Chris,01/02/1993,177,7.32
3fdce957-ea74-4efa-be5a-07ceae5605ba,Ken Kenneth,30/09/1984,176,57.33
15cef9e3-3758-4d9a-abfb-2fc4b9b19843,John Jones,05/08/1978,170,1.99
a2b17e51-e9c7-40f1-9da2-0308a5464b20,Dave Davis,09/12/1988,159,24.04
f3a23de0-78a9-48c2-8383-79840f861388,Liz Elizabeth,21/03/1992,181,193.22
75855b4f-b3bc-4ea7-95ac-57c75574b936,Chistina Chris,01/02/1993,177,7.32
441b8854-4ac0-4908-9e64-76c3feccbe02,Ken Kenneth,30/09/1984,176,57.33
b88e3dba-f638-4cb4-af87-5e0ecfe9416c,John Jones,05/08/1978,170,1.99
41b9279d-8880-41ff-81d7-7baea7e4340a,Dave Davis,09/12/1988,159,24.04
0b2a6dbf-1c4d-420e-b0b7-0779fb827171,Liz Elizabeth,21/03/1992,181,193.22
50da9432-8ae8-4f14-844a-f0b741e14fdd,Chistina Chris,01/02/1993,177,7.32
024eede6-6d40-4e4a-9ae6-43eaeb71e71a,Ken Kenneth,30/09/1984,176,57.33
1a79674f-36c0-4b46-810e-7e71fec71dc6,John Jones,05/08/1978,170,1.99
98e02711-196d-4e31-8726-1200734547b2,Dave Davis,09/12/1988,159,24.04
eb7aff1c-b0f5-4de6-aa15-f01835481c41,Liz Elizabeth,21/03/1992,181,193.22
26a30b7f-7f34-4f69-92df-a8f61058c35c,Chistina Chris,01/02/1993,177,7.32
a5f08479-a83e-42fb-adc4-f7417c24be13,Ken Kenneth,30/09/1984,176,57.33
73e119b6-9a32-47eb-8f14-1bd8a8cfe5e6,John Jones,05/08/1978,170,1.99
7669f373-3e05-4a70-8be8-638a6273dee8,Dave Davis,09/12/1988,159,24.04
f23edd17-8124-45d7-87c4-fa95b739b99b,Liz Elizabeth,21/03/1992,181,193.22
e8af103c-ae54-49de-ae50-02f8d76a14aa,Chistina Chris,01/02/1993,177,7.32
908dac98-df90-4e44-90c6-717dc940e93e,Ken Kenneth,30/09/1984,176,57.33
1d6f7745-1ba5-42f0-ae02-8edbf2ee22d9,John Jones,05/08/1978,170,1.99
68d4f9bb-1709-47b7-8ca3-de8ef009ebb8,Dave Davis,09/12/1988,159,24.04
9900f836-08e1-402b-9e49-22d5f76968f6,Liz Elizabeth,21/03/1992,181,193.22
cb8362e1-c8d4-4893-824d-3d3e2bf73e91,Chistina Chris,01/02/1993,177,7.32
7ec93035-adb0-4ee3-a4bd-afd6e076550d,Ken Kenneth,30/09/1984,176,57.33
da5fd84b-a889-419c-93cc-88b0d1e032e2,John Jones,05/08/1978,170,1.99
77e120c9-d279-4cae-8781-39151e72ff31,Dave Davis,09/12/1988,159,24.04
b92eb74e-c1ea-4162-89b2-38138ce0a533,Liz Elizabeth,21/03/1992,181,193.22
46765ca6-fcf8-4ecf-b5cf-268010d06a09,Chistina Chris,01/02/1993,177,7.32
bf7f3c68-4a93-438f-8138-88556ba46033,Ken Kenneth,30/09/1984,176,57.33
001a4430-0aa0-417a-8d4d-f1f517c5983a,John Jones,05/08/1978,170,1.99
224ae4ca-200c-4990-bcde-8e629ae74c13,Dave Davis,09/12/1988,159,24.04
7c9e9df3-13cf-4384-9398-280bab25542e,Liz Elizabeth,21/03/1992,181,193.22
52375f67-4963-4508-939a-c62e04e2590f,Chistina Chris,01/02/1993,177,7.32
ec4c1bc4-57e3-44a4-9a6c-2f3a594c00b1,Ken Kenneth,30/09/1984,176,57.33
e7ade72d-efb1-4c1c-bb8f-edc1a6939c3f,John Jones,05/08/1978,170,1.99
b546ffea-c9a8-4c7b-8f21-3ab34c4a9d1e,Dave Davis,09/12/1988,159,24.04
7c7f3304-73a0-4931-b929-4081a1f2fd98,Liz Elizabeth,21/03/1992,181,193.22
903a8823-bcbf-44fa-8a69-e54825c56c1f,Chistina Chris,01/02/1993,177,7.32
5df16ad2-27fa-4b40-8c01-c8bbf8457c07,Ken Kenneth,30/09/1984,176,57.33
cfabf185-6282-42a9-b99b-03619457a664,John Jones,05/08/1978,170,1.99
e7e54ace-9629-4c7a-86e7-b0114c407ed7,Dave Davis,09/12/1988,159,24.04
5c48d177-78fc-4ca5-906a-04cc50cb862b,Liz Elizabeth,21/03/1992,181,193.22
28809ff7-c4db-4fdc-91f6-7cfcc127194a,Chistina Chris,01/02/1993,177,7.32
205574ad-9d88-46af-bb4a-789c515a809e,Ken Kenneth,30/09/1984,176,57.33
b59be0ac-f921-4214-ab15-e99ac9f42b47,John Jones,05/08/1978,170,1.99
b42410cf-256d-4f0d-a786-010dcd0edb3a,Dave Davis,09/12/1988,159,24.04
f9b30162-aa08-4fdb-b702-9b8a2c413e3f,Liz Elizabeth,21/03/1992,181,193.22
0d7a309c-f768-4bd7-9ddc-6834ce4121f2,Chistina Chris,01/02/1993,177,7.32
9c9338e3-5c65-4d6c-9529-06173bda86b0,Ken Kenneth,30/09/1984,176,57.33
786f495c-29b9-4a9c-ac25-1e8c43ac853e,John Jones,05/08/1978,170,1.99
331b0fd9-b3b3-44e4-9ecb-478d5ba65e7e,Dave Davis,09/12/1988,159,24.04
026cd8b7-6881-4d34-b30e-71cac99fcd1c,Liz Elizabeth,21/03/1992,181,193.22
76071483-2f37-4935-9639-9e9928e5e481,Chistina Chris,01/02/1993,177,7.32
b42b989b-53ac-472c-b22d-2da6ec737fcc,Ken Kenneth,30/09/1984,176,57.33
9e59c7a9-e090-43a4-8bbf-29f2cd79844b,John Jones,05/08/1978,170,1.99
f9c6a401-4447-4671-8bbd-77050111a4b1,Dave Davis,09/12/1988,159,24.04
36161b17-d759-4ab6-ac96-a086d9e18eec,Liz Elizabeth,21/03/1992,181,193.22
f5bcdb79-3dce-451a-8116-c023e1e8b852,Chistina Chris,01/02/1993,177,7.32
7cd91869-8afc-4263-9601-27961da5bfb7,Ken Kenneth,30/09/1984,176,57.33
33dcedc7-0307-46c6-ba2e-de2b1f026ce7,John Jones,05/08/1978,170,1.99
40a933c2-7682-4103-b067-cb5b2188cb42,Dave Davis,09/12/1988,159,24.04
f733360d-2bcb-4bca-b384-f7a5dd512630,Liz Elizabeth,21/03/1992,181,193.22
605a9160-acff-42e9-9637-16c622ddcbd2,Chistina Chris,01/02/1993,177,7.32
2c78aed5-a1a1-4e1a-b657-cc6fad3366ae,Ken Kenneth,30/09/1984,176,57.33
d776a778-4a9b-4951-81f9-4974c4b25df7,John Jones,05/08/1978,170,1.99
79b30cc8-126c-4b9f-99e7-92a02cd913f6,Dave Davis,09/12/1988,159,24.04
69cd61fa-b5db-40a3-b6eb-c569f8f886ad,Liz Elizabeth,21/03/1992,181,193.22
f108e682-d073-4d93-92a2-ab72b48cfa2e,Chistina Chris,01/02/1993,177,7.32
58b7ccc9-d54b-4808-ae1e-304d4547340f,Ken Kenneth,30/09/1984,176,57.33
8f24ac20-96a8-4196-9c2d-b7be1a23a3ec,John Jones,05/08/1978,170,1.99
73410d8e-65bd-4f82-8f43-23c62e737581,Dave Davis,09/12/1988,159,24.04
af70617c-f307-4c44-bc46-14d574dbb76d,Liz Elizabeth,21/03/1992,181,193.22
affce253-5a1f-4a30-a2cd-10a09bc05442,Chistina Chris,01/02/1993,177,7.32
31e4f53d-097a-4025-b9ed-89038387cda6,Ken Kenneth,30/09/1984,176,57.33
abb64224-0359-4b9e-9749-32c51c47d55a,John Jones,05/08/1978,170,1.99
1c6f571d-bf6a-4e90-ad63-4c577c3cfbb4,Dave Davis,09/12/1988,159,24.04
45226836-8836-44fd-97c9-8a8910a8637b,Liz Elizabeth,21/03/1992,181,193.22
ba0ddd2c-af6a-4a29-8499-6dbc7fd32f98,Chistina Chris,01/02/1993,177,7.32
76aa81af-f4c1-4a24-a93c-ffdec9528c95,Ken Kenneth,30/09/1984,176,57.33
7ed4a2d8-f740-452a-95fc-22c35c38afe9,John Jones,05/08/1978,170,1.99
b72bb202-e6bd-4dfb-9be9-0709dcae03f0,Dave Davis,09/12/1988,159,24.04
b8c8cb26-79bc-4f16-8ad9-add3410d582a,Liz Elizabeth,21/03/1992,181,193.22
3903eebd-c329-478f-8246-5cc5f12cf7ad,Chistina Chris,01/02/1993,177,7.32
cff79d8d-fd59-4ba1-a3f3-2e738360015d,Ken Kenneth,30/09/1984,176,57.33
41f40e83-06f0-498d-8007-745cc413c2e4,John Jones,05/08/1978,170,1.99
63074aa9-e0bc-49b8-905c-c7e7b0351d1b,Dave Davis,09/12/1988,159,24.04
4b2b13e8-4e87-4fdf-bf92-d0dd8815ee1e,Liz Elizabeth,21/03/1992,181,193.22
95a4f066-8154-4771-b03c-d5c3578769c3,Chistina Chris,01/02/1993,177,7.32
88c3089b-12f2-4f64-84fc-94b005659a20,Ken Kenneth,30/09/1984,176,57.33
2e54b64d-07aa-4801-8ec5-3cccb19dcfe9,John Jones,05/08/1978,170,1.99
5d7c9e58-9d56-4f68-b5de-8fe08dacd449,Dave Davis,09/12/1988,159,24.04
50a3c7d4-b607-476f-bf89-b05f120a109d,Liz Elizabeth,21/03/1992,181,193.22
0903897e-b58d-4229-b25b-2b1d36da7041,Chistina Chris,01/02/1993,177,7.32
0d041efe-67ce-41fd-8b1f-f9db90fc3f0d,Ken Kenneth,30/09/1984,176,57.33
c0420a5a-212b-41d4-961c-895f13b52bd3,John Jones,05/08/1978,170,1.99
209b81ac-b2b5-4842-94a7-c66e8676b82f,Dave Davis,09/12/1988,159,24.04
f66b287c-2a23-479f-aea8-ca47540a7a0a,Liz Elizabeth,21/03/1992,181,193.22
d9bd09d9-ee26-41b2-9652-9e600e77c701,Chistina Chris,01/02/1993,177,7.32
c497a5b2-6567-400a-b6b4-eda63ad9a003,Ken Kenneth,30/09/1984,176,57.33
c2853385-5d95-4fc9-a3c9-b0b6e93f5512,John Jones,05/08/1978,170,1.99
ce362fe2-2958-4271-8330-dfbbefa846d8,Dave Davis,09/12/1988,159,24.04
886a70a6-9fd0-4017-8e12-4c89b73d32b8,Liz Elizabeth,21/03/1992,181,193.22
a7ffedbc-c54e-4eee-b205-38ef68392dd6,Chistina Chris,01/02/1993,177,7.32
a03f1731-010d-405b-862c-c2e5a1b47418,Ken Kenneth,30/09/1984,176,57.33
c3711b1f-d28b-4c1d-a448-eb9b38379f7b,John Jones,05/08/1978,170,1.99
11a7d8c3-c9be-41e0-8b5b-9eaa60c3868b,Dave Davis,09/12/1988,159,24.04
11e15a00-5090-4c17-a56c-d7a6d23d68d4,Liz Elizabeth,21/03/1992,181,193.22
7a4d89d0-ad7d-404b-9633-d6663001e769,Chistina Chris,01/02/1993,177,7.32
ce96c3ea-cb5c-4bdd-a423-93ed9a5f86fc,Ken Kenneth,30/09/1984,176,57.33
e8f0ec6f-42e3-4abd-aed8-d9de07d5c0f1,John Jones,05/08/1978,170,1.99
8128137a-93a6-4c44-b3f4-da8693675783,Dave Davis,09/12/1988,159,24.04
e0569397-5fe7-4c08-8585-58ec02e8c88c,Liz Elizabeth,21/03/1992,181,193.22
53db183b-2a93-438b-9f50-9743aba332a3,Chistina Chris,01/02/1993,177,7.32
be29a857-3456-4b33-a34e-1100be121d27,Ken Kenneth,30/09/1984,176,57.33
82de5d78-0f37-4e32-a4cb-baf8b45c2b98,John Jones,05/08/1978,170,1.99
154f549a-378a-40a7-b636-f28aae4cf45e,Dave Davis,09/12/1988,159,24.04
86989c52-e896-477f-a7a1-c78517cb89ac,Liz Elizabeth,21/03/1992,181,193.22
f0d63c91-8344-418e-9476-2ac0e3c91c4e,Chistina Chris,01/02/1993,177,7.32
d3e4ecbb-d3ff-4ddd-9321-e343465bb7ef,Ken Kenneth,30/09/1984,176,57.33
f6303c86-89d5-4ba5-9620-b3913454c027,John Jones,05/08/1978,170,1.99
42162bb2-75da-4e1b-b3c0-006871ff6c5d,Dave Davis,09/12/1988,159,24.04
7419802d-01fc-45a2-9893-7c638fd74834,Liz Elizabeth,21/03/1992,181,193.22
aaaafe9b-db33-49e1-b111-ec90470a8a00,Chistina Chris,01/02/1993,177,7.32
b2425c2d-3b8f-4dcd-994a-1310d90b3e01,Ken Kenneth,30/09/1984,176,57.33
a1905998-c056-4b1f-ad7a-d88e118d1e35,John Jones,05/08/1978,170,1.99
d3b8d0f2-6f78-40e2-b61e-d0ff3421cae7,Dave Davis,09/12/1988,159,24.04
f806fd16-3a63-453b-a430-03e7eab9b418,Liz Elizabeth,21/03/1992,181,193.22
174d6e17-36cd-42ce-81b1-cc16454a7019,Chistina Chris,01/02/1993,177,7.32
de583d4f-04b7-48dd-a018-20534635731e,Ken Kenneth,30/09/1984,176,57.33
19bb2b05-6553-4e86-8192-1994812e9364,John Jones,05/08/1978,170,1.99
0b176ca9-0df7-4f4d-a31a-c21f1e47efc4,Dave Davis,09/12/1988,159,24.04
4ee5f894-f31a-4268-a023-fd66fd8c20d3,Liz Elizabeth,21/03/1992,181,193.22
55acff9c-0ba9-4899-b298-7835d5b06f37,Chistina Chris,01/02/1993,177,7.32
c62625dc-79ed-4439-9612-f213f5058966,Ken Kenneth,30/09/1984,176,57.33
ee464a6d-96ff-4811-a9d0-b890f26094fe,John Jones,05/08/1978,170,1.99
b409f0bd-3d8b-4642-bf5d-86505b8cb326,Dave Davis,09/12/1988,159,24.04
0e76cc85-edf1-4d1d-b20e-6558b9f7c22a,Liz Elizabeth,21/03/1992,181,193.22
31a33785-5e8a-44a4-bb6e-26d5cec84bc3,Chistina Chris,01/02/1993,177,7.32
fce87e06-af85-4630-bff8-37f38857e1e1,Ken Kenneth,30/09/1984,176,57.33
988dcd6a-926c-427e-8b4a-5e3224ef79d7,John Jones,05/08/1978,170,1.99
081fdbe3-e23c-4c6d-b302-ef5fe9d908b6,Dave Davis,09/12/1988,159,24.04
c152e092-23cc-4597-aca8-9eac0f705b78,Liz Elizabeth,21/03/1992,181,193.22
f2e3fe71-89ea-40c6-92ff-80c362fa635d,Chistina Chris,01/02/1993,177,7.32
6da6c8cb-34fb-4982-89cf-da08fe43bda1,Ken Kenneth,30/09/1984,176,57.33
99d00d4c-7830-4121-b3b7-5d9f89ac4f74,John Jones,05/08/1978,170,1.99
f85efa4e-8d27-44d0-8a0f-aa4d4e33ccfa,Dave Davis,09/12/1988,159,24.04
1512330e-156d-47fb-9be7-daa6875baeb9,Liz Elizabeth,21/03/1992,181,193.22
40e0cf17-df60-4728-baa3-72bc5e4d1c35,Chistina Chris,01/02/1993,177,7.32
934f6591-7b53-45d5-ab11-2b8c0f5ba9c4,Ken Kenneth,30/09/1984,176,57.33
d59916fd-0527-449a-a37a-4804fdadfe7e,John Jones,05/08/1978,170,1.99
32b8f1dc-2806-4f65-ac81-6267ad246926,Dave Davis,09/12/1988,159,24.04
1699b441-df25-4a4e-b5dd-78861659f29a,Liz Elizabeth,21/03/1992,181,193.22
66f081c6-b8a4-4420-93ea-aef7ca27a4cf,Chistina Chris,01/02/1993,177,7.32
fe218fac-5514-4945-bc8b-0cb35e043ee3,Ken Kenneth,30/09/1984,176,57.33
9215540b-c488-46cc-9af6-084f8885ab07,John Jones,05/08/1978,170,1.99
60d28359-6c42-47a0-a77c-435cef720a5b,Dave Davis,09/12/1988,159,24.04
20ec9a6f-7cba-40b8-a7c3-037373d1e25f,Liz Elizabeth,21/03/1992,181,193.22
d98c8067-2088-4aeb-9a0e-221638be95ac,Chistina Chris,01/02/1993,177,7.32
6f2d10b9-1c0e-4101-99c8-900fe8ef6647,Ken Kenneth,30/09/1984,176,57.33
6552f802-06de-4f3a-ba71-325441820667,John Jones,05/08/1978,170,1.99
2b140e7a-8485-4b0f-badc-17b81d366fc1,Dave Davis,09/12/1988,159,24.04
fb119745-8a9f-4b54-babe-987949df1547,Liz Elizabeth,21/03/1992,181,193.22
143b54dc-28f9-4ce3-b5e4-7f725d1ab799,Chistina Chris,01/02/1993,177,7.32
be1eda86-b207-4ca8-9c86-b40628283742,Ken Kenneth,30/09/1984,176,57.33
0cc57934-bdce-4d06-9c28-5c6ecc554e5e,John Jones,05/08/1978,170,1.99
f4d92f05-589b-4dfb-af4d-645e410f9d21,Dave Davis,09/12/1988,159,24.04
4fac3485-6d32-4d87-a98d-174078cd5721,Liz Elizabeth,21/03/1992,181,193.22
1e1f7ced-3993-4bf2-bb89-f79415064d85,Chistina Chris,01/02/1993,177,7.32
0cd25d2e-74e0-401d-ae22-446375997391,Ken Kenneth,30/09/1984,176,57.33
0a7bb10e-751d-4573-9bd7-af0c1848420f,John Jones,05/08/1978,170,1.99
60fcba6a-8921-4a82-b492-02f2bf8d81e0,Dave Davis,09/12/1988,159,24.04
3fbeb73c-ad83-4ba9-a8f9-45419bb581fc,Liz Elizabeth,21/03/1992,181,193.22
fc1ac637-4277-47ed-83ca-2bd241b74f0e,Chistina Chris,01/02/1993,177,7.32
9ec0c2d9-b622-404f-a9b4-29131b1665db,Ken Kenneth,30/09/1984,176,57.33
3f15fcd1-e73c-42f8-9c8f-5a70f2a60590,John Jones,05/08/1978,170,1.99
f53ae3fa-8558-4c2c-818e-84002dc88429,Dave Davis,09/12/1988,159,24.04
5c5bb730-bacc-422c-ac88-b38d42227adb,Liz Elizabeth,21/03/1992,181,193.22
cb332148-0e5a-4c34-96ab-10d88faa250f,Chistina Chris,01/02/1993,177,7.32
77c0144d-e77a-45df-b02d-22f3dddb378c,Ken Kenneth,30/09/1984,176,57.33
ec1bad08-3aa2-4a8d-ad3c-1631b9decd60,John Jones,05/08/1978,170,1.99
85be5a77-7ace-4ea5-9a4e-6acecd2200c0,Dave Davis,09/12/1988,159,24.04
ebbb23b2-e808-4dbd-baa9-71bc1b80603c,Liz Elizabeth,21/03/1992,181,193.22
2987b17a-ac85-4464-ba33-c947938a911b,Chistina Chris,01/02/1993,177,7.32
a7477a2f-97e7-4c3b-9aa6-2cd398eb7d92,Ken Kenneth,30/09/1984,176,57.33
0bc74ad9-d627-4ece-ad12-bc10276367c9,John Jones,05/08/1978,170,1.99
f65fe758-fdbd-4342-9434-da361300dbae,Dave Davis,09/12/1988,159,24.04
3a7d6569-2ce3-46f6-9ca1-c999f5c9a768,Liz Elizabeth,21/03/1992,181,193.22
7db364eb-b3a6-4a38-a2f5-93981226b75d,Chistina Chris,01/02/1993,177,7.32
ec65b3ce-c711-46ba-bb2e-b9997ff09c83,Ken Kenneth,30/09/1984,176,57.33
3ec707bb-a9e6-41ac-b159-978c9e17924c,John Jones,05/08/1978,170,1.99
ee89bbaa-f16d-4733-86f5-8a561b5cb162,Dave Davis,09/12/1988,159,24.04
bbe3b082-7c6f-4d41-8c55-dab7eaf72316,Liz Elizabeth,21/03/1992,181,193.22
495bcfa4-d6dd-4042-b2f0-93cb6b5a757b,Chistina Chris,01/02/1993,177,7.32
cfc31c24-c16e-4d95-b162-cfc58c7c59af,Ken Kenneth,30/09/1984,176,57.33
e28ee22e-678a-414d-8ec0-8a21f039b294,John Jones,05/08/1978,170,1.99
cfec7689-6a9a-435c-b1b8-2a5aa7da8405,Dave Davis,09/12/1988,159,24.04
4e2e1b97-ed80-4bad-a5d6-3999b1eedba0,Liz Elizabeth,21/03/1992,181,193.22
2cade804-fbda-4aad-8ea2-33bfa9b3cc2d,Chistina Chris,01/02/1993,177,7.32
7cc2c857-b07d-4fef-b502-f2edcb30b846,Ken Kenneth,30/09/1984,176,57.33
6772d489-744f-4cbc-b5e5-4a8663b15d4b,John Jones,05/08/1978,170,1.99
e60d4af4-450e-4dcf-9bc0-6e7c5639e189,Dave Davis,09/12/1988,159,24.04
22701ebe-0278-4f85-97ac-8d94a5f6ca4b,Liz Elizabeth,21/03/1992,181,193.22
e90a1497-c104-4589-851c-c09aff0e68c6,Chistina Chris,01/02/1993,177,7.32
56175c8b-ec4e-4e8b-aed8-c7a63463541e,Ken Kenneth,30/09/1984,176,57.33
db32f5b2-d8a7-4f8c-ae3c-fb7a93cc05a3,John Jones,05/08/1978,170,1.99
f0b86026-7ae2-458f-9762-0df2dd107e99,Dave Davis,09/12/1988,159,24.04
a1210a1b-f4a0-408f-8139-3020b9466bda,Liz Elizabeth,21/03/1992,181,193.22
2b174a55-7569-4804-8f8b-9bbbc5836b5e,Chistina Chris,01/02/1993,177,7.32
da581ff8-a660-4a97-92fd-db1ece4f6769,Ken Kenneth,30/09/1984,176,57.33
ef47c755-5118-4120-bf18-b8283851edc2,John Jones,05/08/1978,170,1.99
bc25d644-8cda-4bbe-9048-069952b16ecc,Dave Davis,09/12/1988,159,24.04
0481af1c-dcf6-4a43-93c1-1e6ade59bc09,Liz Elizabeth,21/03/1992,181,193.22
80dd8392-0a51-4981-9111-ec71505148ff,Chistina Chris,01/02/1993,177,7.32
c1ea1fc3-af3d-49f8-a0b4-93a9b97ede0a,Ken Kenneth,30/09/1984,176,57.33
8d844e02-97bb-403d-b8a0-27f647f3494f,John Jones,05/08/1978,170,1.99
d00d9ff8-839f-4aa2-be46-8d6195e078ee,Dave Davis,09/12/1988,159,24.04
8beb6adf-5842-4b2e-aec4-a4cac40887d4,Liz Elizabeth,21/03/1992,181,193.22
b29f97ea-a173-4860-be02-3215fa99a24a,Chistina Chris,01/02/1993,177,7.32
c39f819d-e721-471b-9a51-02fffa9ccb8f,Ken Kenneth,30/09/1984,176,57.33
867f3347-eaec-4778-9e0a-23ca93b682ec,John Jones,05/08/1978,170,1.99
4215dabd-52ca-412e-b76e-de7b9f0c8915,Dave Davis,09/12/1988,159,24.04
37b54018-bccf-487b-9162-610efd02225a,Liz Elizabeth,21/03/1992,181,193.22
9fa5c943-f1af-4cde-8332-07dfdba2a80e,Chistina Chris,01/02/1993,177,7.32
f81766e2-351f-4bd6-8b79-b52dfed161d6,Ken Kenneth,30/09/1984,176,57.33
85d4fba1-2e89-4d8e-ac97-3776b3fc7101,John Jones,05/08/1978,170,1.99
9bf0e0c3-9c57-45d6-81a1-3e1961a21110,Dave Davis,09/12/1988,159,24.04
6b509d42-b350-41dd-9f33-cd9fd4bd12bc,Liz Elizabeth,21/03/1992,181,193.22
9b4df709-9621-4608-bc80-02079dc293e7,Chistina Chris,01/02/1993,177,7.32
d41dfe6e-ad0a-4561-bae2-ec1e792fde18,Ken Kenneth,30/09/1984,176,57.33
573ef8f4-10a7-4193-a4e7-b22cc88ad96b,John Jones,05/08/1978,170,1.99
e7e6c7c5-30d2-4ec9-89ab-b6f00cd874b2,Dave Davis,09/12/1988,159,24.04
a16bf89a-18f9-437e-b135-c9f27605730e,Liz Elizabeth,21/03/1992,181,193.22
4c6a4ee7-c2ce-45b8-8ec6-26875b4ff4b7,Chistina Chris,01/02/1993,177,7.32
cc9ad377-abd4-4216-b7f1-c8f6130933df,Ken Kenneth,30/09/1984,176,57.33
0de092d9-3933-4dad-a1d4-47393c9811c0,John Jones,05/08/1978,170,1.99
4d2ff778-7f91-4605-9aeb-b403d57fe412,Dave Davis,09/12/1988,159,24.04
1fba250e-121a-46f3-936d-a013a3af6ec4,Liz Elizabeth,21/03/1992,181,193.22
ff3fa2d5-e0c5-4ab4-b450-5fd4d6db6a5a,Chistina Chris,01/02/1993,177,7.32
1707074c-4237-435f-b1bb-2b67a76344d7,Ken Kenneth,30/09/1984,176,57.33
ac463d69-40fd-4f7f-9730-31d7d4e7c869,John Jones,05/08/1978,170,1.99
907c952c-afc1-4cf2-89d0-7b4e9a0f5497,Dave Davis,09/12/1988,159,24.04
4b3bda1e-2a2a-43ed-8d40-c1f04f62a62d,Liz Elizabeth,21/03/1992,181,193.22
b0fdac18-fd65-4a88-9a6f-dac121388131,Chistina Chris,01/02/1993,177,7.32
296b1f76-48ea-4a58-9ada-c39d275d8d9b,Ken Kenneth,30/09/1984,176,57.33
415eae94-bb53-4462-810c-03f83b5ecc85,John Jones,05/08/1978,170,1.99
c4bfc89a-34d7-4ab4-854f-8686e8469430,Dave Davis,09/12/1988,159,24.04
aac0e695-4e41-4f4e-b1bc-2b9b63399be4,Liz Elizabeth,21/03/1992,181,193.22
f23b7793-21af-4006-ae91-cfb184e1e204,Chistina Chris,01/02/1993,177,7.32
414fea77-124c-4cd0-b0b7-bb0344c67333,Ken Kenneth,30/09/1984,176,57.33
c962bb43-aef4-417d-8a4a-ba7ab12ee17f,John Jones,05/08/1978,170,1.99
2774eb67-80ac-492a-af90-15472aa334cd,Dave Davis,09/12/1988,159,24.04
313fe7f6-fb66-4067-905f-b42e7b68e883,Liz Elizabeth,21/03/1992,181,193.22
221b798c-e81e-41ee-9965-4969c0d32334,Chistina Chris,01/02/1993,177,7.32
5abf2889-7240-4c00-81f9-0efa22c8cce2,Ken Kenneth,30/09/1984,176,57.33
989bee90-1b9a-4e39-b3db-1fa4f9e97e0e,John Jones,05/08/1978,170,1.99
95b25f98-0a28-4f5c-812e-4653ab81c70b,Dave Davis,09/12/1988,159,24.04
e38cff59-0609-46bc-abf2-bd175eb9aed4,Liz Elizabeth,21/03/1992,181,193.22
3e507bd4-6d8e-48f8-a064-6518626d66fe,Chistina Chris,01/02/1993,177,7.32
be23a5c3-ea83-4a97-92af-8d0a829fa96b,Ken Kenneth,30/09/1984,176,57.33
9ff1f947-e569-4edf-8a5c-e66d9896765f,John Jones,05/08/1978,170,1.99
f2b40b5f-d9ac-4a94-90a9-a496f670af90,Dave Davis,09/12/1988,159,24.04
a5153581-c241-45c1-8eed-85fa1c470fef,Liz Elizabeth,21/03/1992,181,193.22
610c1ea6-de71-423b-a4bf-c81ba217a537,Chistina Chris,01/02/1993,177,7.32
080f3fd4-2a68-403e-8a9c-27e7a68a1672,Ken Kenneth,30/09/1984,176,57.33
62119e41-a8ad-46d3-8485-99c2ade74c2e,John Jones,05/08/1978,170,1.99
a04505bb-c3ea-40b0-b296-783fe5128a24,Dave Davis,09/12/1988,159,24.04
41ce274e-07d5-4ebb-86c4-3da922c2b141,Liz Elizabeth,21/03/1992,181,193.22
3806caf4-1af2-4cdf-8467-d357a269d5f1,Chistina Chris,01/02/1993,177,7.32
f05a2b73-77e2-471e-8cc8-2923e3784712,Ken Kenneth,30/09/1984,176,57.33
353116dc-7cdb-42ce-b1c4-80ba9a71fa93,John Jones,05/08/1978,170,1.99
4f3c12f9-4847-40ae-8d76-98151cd16b08,Dave Davis,09/12/1988,159,24.04
2b42d0ca-913e-4983-bc88-5c2f54ae384c,Liz Elizabeth,21/03/1992,181,193.22
7bae8316-82da-4a28-bc44-f8abe2c3e97d,Chistina Chris,01/02/1993,177,7.32
afb11e1b-02e5-4dae-8893-75f438412268,Ken Kenneth,30/09/1984,176,57.33
aa2923c0-a8ae-443b-a0ad-9faf652ca3e5,John Jones,05/08/1978,170,1.99
31f783d5-8c38-4ce5-8f70-e31d0f63e6f2,Dave Davis,09/12/1988,159,24.04
1a6a427c-a7eb-4440-98f6-5e68dfa622fb,Liz Elizabeth,21/03/1992,181,193.22
93ce395f-0357-4f6a-b993-1f03ce4a3a62,Chistina Chris,01/02/1993,177,7.32
75bb23d4-e9e0-40c5-8adc-6e2578841b6c,Ken Kenneth,30/09/1984,176,57.33
6f7ffb72-d725-425f-91ea-dabf2233906f,John Jones,05/08/1978,170,1.99
2825a9a2-abf8-4985-a29a-46b6915d76ca,Dave Davis,09/12/1988,159,24.04
7dbdc756-c29c-4e5d-aa34-42e37bef54e6,Liz Elizabeth,21/03/1992,181,193.22
46ccc233-b3c8-44ca-a633-449d7bc19b9a,Chistina Chris,01/02/1993,177,7.32
df335c49-7056-4a87-9516-ee7b653155b0,Ken Kenneth,30/09/1984,176,57.33
87bb7e3e-8837-4d2e-b1b3-f631c637dd75,John Jones,05/08/1978,170,1.99
b1ec0330-631c-41e3-85b2-9fe2758dbc1c,Dave Davis,09/12/1988,159,24.04
e2df72e0-3562-4efd-a74d-8a17563d25c8,Liz Elizabeth,21/03/1992,181,193.22
2bbedd72-e156-42fa-86ae-7c5cbf03e3b0,Chistina Chris,01/02/1993,177,7.32
49460ab9-fa50-4b0f-ae3f-3bee6ceb9560,Ken Kenneth,30/09/1984,176,57.33
d41323c5-a6eb-450e-976f-049ffcab46dc,John Jones,05/08/1978,170,1.99
bda02b1b-cada-4ac9-882c-8132b587f6c7,Dave Davis,09/12/1988,159,24.04
b34fae88-66fc-44e4-9beb-6a23a2adb879,Liz Elizabeth,21/03/1992,181,193.22
1ec00529-a68d-40a9-b620-003fa804ba07,Chistina Chris,01/02/1993,177,7.32
3e46d4dd-0c2b-46f6-89dd-b27131cd98d3,Ken Kenneth,30/09/1984,176,57.33
096b6af3-62a3-422f-8e8d-5a9e9f795246,John Jones,05/08/1978,170,1.99
a9a20e4b-4d9d-435b-b607-7a38a2ce96ac,Dave Davis,09/12/1988,159,24.04
6ea56945-e3bb-4697-ba48-50bc4511d9ba,Liz Elizabeth,21/03/1992,181,193.22
81ba5b24-1e0c-4bdd-8d1a-1961cde5742c,Chistina Chris,01/02/1993,177,7.32
6cb7a9a9-2ee8-44f6-b688-f3157f3301da,Ken Kenneth,30/09/1984,176,57.33
a693239d-05dd-4402-b1ef-b34ac6fc32da,John Jones,05/08/1978,170,1.99
cf566ccf-f49a-4870-8745-7d5c89a7d5c4,Dave Davis,09/12/1988,159,24.04
ce97f1e5-838d-4d90-aa3e-a4bae858e7a0,Liz Elizabeth,21/03/1992,181,193.22
aaa60786-b795-49a9-a404-6ab83c0f6e49,Chistina Chris,01/02/1993,177,7.32
07d3db72-a79c-4d93-ac93-19ad5848a796,Ken Kenneth,30/09/1984,176,57.33
82ee80d2-0729-4657-bf1e-f0b322ba44e1,John Jones,05/08/1978,170,1.99
4e64df5e-a40d-4254-a14b-b332ec2a5776,Dave Davis,09/12/1988,159,24.04
24591737-a573-4acf-85c0-40c9494e90f6,Liz Elizabeth,21/03/1992,181,193.22
9ac2474f-fbac-493e-95b3-b009cd1f03be,Chistina Chris,01/02/1993,177,7.32
78cfc903-cbaa-47df-b395-8588a805bed7,Ken Kenneth,30/09/1984,176,57.33
ef2c35c6-b73f-474c-8b63-8e9f30964c3b,John Jones,05/08/1978,170,1.99
eb385c36-aee7-4448-98ac-6ff46d387a16,Dave Davis,09/12/1988,159,24.04
9975524e-3136-4bb7-8fec-1359645f3032,Liz Elizabeth,21/03/1992,181,193.22
85aebb71-b8b0-4c9a-96d0-0a289374d94f,Chistina Chris,01/02/1993,177,7.32
937c8703-e6cb-4c2d-b5ef-950fc46372b2,Ken Kenneth,30/09/1984,176,57.33
4b9e841a-d985-4e69-bfd7-f617e268fd22,John Jones,05/08/1978,170,1.99
b90c9dff-8493-4fac-a698-57bd3a131866,Dave Davis,09/12/1988,159,24.04
004ad2e1-cb5f-4789-bc08-65e3529a5b84,Liz Elizabeth,21/03/1992,181,193.22
3e617e27-2e7a-4ca9-94fd-282934e3c973,Chistina Chris,01/02/1993,177,7.32
41c6696d-aaa4-4b6c-9026-97368cdbaebe,Ken Kenneth,30/09/1984,176,57.33
d1764317-7304-4d39-a4c7-77b6d48165f9,John Jones,05/08/1978,170,1.99
54fd994e-13a6-43c6-8ec4-af439afae322,Dave Davis,09/12/1988,159,24.04
0f0569c9-d989-431e-abd6-0b2e4c082fdd,Liz Elizabeth,21/03/1992,181,193.22
613a649b-d11c-429c-8518-d45ac345033c,Chistina Chris,01/02/1993,177,7.32
a7532f4c-f1bc-4f2f-b6bd-cf2090f47a4e,Ken Kenneth,30/09/1984,176,57.33
0f49bf84-4218-490a-88d8-b7c3cf27d885,John Jones,05/08/1978,170,1.99
3dc3dc0c-8d1b-4a8f-9b8e-47b0176cefaa,Dave Davis,09/12/1988,159,24.04
7454c082-9060-4142-a76d-addb1fc64d43,Liz Elizabeth,21/03/1992,181,193.22
0da450e0-3388-48b4-950f-d8d69ab5c5b8,Chistina Chris,01/02/1993,177,7.32
7d1eebbd-373a-459a-87d2-53758a63ab94,Ken Kenneth,30/09/1984,176,57.33
89346bcd-e5ce-4435-8576-d3e8638dd30c,John Jones,05/08/1978,170,1.99
8f80d0d8-1625-4de9-9a77-9cf96de155aa,Dave Davis,09/12/1988,159,24.04
d823f685-337f-45ae-ba86-1127a7a8a1b6,Liz Elizabeth,21/03/1992,181,193.22
980b385b-1cb7-4607-b2b6-ed1ff1c5b75e,Chistina Chris,01/02/1993,177,7.32
66c47a11-05ed-48aa-afdf-9446f0de87a9,Ken Kenneth,30/09/1984,176,57.33
4c4b95df-eff4-436b-8f08-98578c48b3ea,John Jones,05/08/1978,170,1.99
4a976f80-a888-40f4-83c3-80ae694a5411,Dave Davis,09/12/1988,159,24.04
174e7d3c-d6f9-40bc-9023-b24d49a64180,Liz Elizabeth,21/03/1992,181,193.22
58a1e6a4-dd30-47a3-b911-09e9de768534,Chistina Chris,01/02/1993,177,7.32
42becc98-ae3b-4fa9-80cb-bafbdc4eed16,Ken Kenneth,30/09/1984,176,57.33
551ce8c5-fc93-45c9-a4fd-c337e9a3c3b8,John Jones,05/08/1978,170,1.99
afa40e74-2547-4375-96dd-81dc441234a0,Dave Davis,09/12/1988,159,24.04
75bcb16d-3b45-4402-989c-4ea27cff841e,Liz Elizabeth,21/03/1992,181,193.22
81012c58-72c4-4eff-8513-c2f7f07bdd77,Chistina Chris,01/02/1993,177,7.32
1a9276bf-f691-4266-861b-28d42301098b,Ken Kenneth,30/09/1984,176,57.33
fc7c884c-8d7d-4f49-bc65-ea56c27ef86f,John Jones,05/08/1978,170,1.99
f012634d-7e20-420f-b790-a5d02d738a4f,Dave Davis,09/12/1988,159,24.04
02778e7f-4982-49ef-a606-3c18518811dc,Liz Elizabeth,21/03/1992,181,193.22
2fd3ff42-91e8-473d-8154-d8242d7a9fb5,Chistina Chris,01/02/1993,177,7.32
89e4e998-5957-4994-9eb8-33dbee9ac8f4,Ken Kenneth,30/09/1984,176,57.33
9e8c1444-84ec-4dd0-ba8d-6e7777dd8aba,John Jones,05/08/1978,170,1.99
95e7df5c-965c-4576-b204-dcc62f12aa8f,Dave Davis,09/12/1988,159,24.04
af0ede81-a393-45a6-81a6-518705f98f24,Liz Elizabeth,21/03/1992,181,193.22
54b8a2ba-c217-4491-af55-03ebc12d4303,Chistina Chris,01/02/1993,177,7.32
f3cc6419-b7da-4005-857c-eef3356e4742,Ken Kenneth,30/09/1984,176,57.33
3c9fff18-22bb-489b-8a7e-9eb99eab942a,John Jones,05/08/1978,170,1.99
e7fb9758-d0bb-4a51-89d5-a30348c40f74,Dave Davis,09/12/1988,159,24.04
ba2bbf72-59c5-457d-9472-0c5efdf7b264,Liz Elizabeth,21/03/1992,181,193.22
49c1c1e6-ce18-4dba-80d8-8bb086f4a89c,Chistina Chris,01/02/1993,177,7.32
bb7fe975-29a0-4155-b1ef-bdb9c8c9ec16,Ken Kenneth,30/09/1984,176,57.33
18b9ff92-9bb9-4072-a2da-ef82ebdf99a6,John Jones,05/08/1978,170,1.99
b4028dd1-180c-47e5-b7a8-e83bf927bbcc,Dave Davis,09/12/1988,159,24.04
54ca48b6-1dd4-4956-975e-c300244d09a3,Liz Elizabeth,21/03/1992,181,193.22
1c182f27-6b51-4f29-954d-af5204a99862,Chistina Chris,01/02/1993,177,7.32
c34f9b21-f7a0-4d64-96b6-b8f79757db44,Ken Kenneth,30/09/1984,176,57.33
018cbb04-1c96-432f-8915-5ee87b123024,John Jones,05/08/1978,170,1.99
60028e6c-0e58-4751-b9cb-8a5410e17015,Dave Davis,09/12/1988,159,24.04
40630e9f-71eb-4664-86a0-0a1c2e311cb4,Liz Elizabeth,21/03/1992,181,193.22
68210848-29dc-44fd-9d66-8c810100985e,Chistina Chris,01/02/1993,177,7.32
12b4d661-4af2-44f6-ae35-26eb97c3092c,Ken Kenneth,30/09/1984,176,57.33
e72d9fd1-7242-42d2-9f8b-7e30bef61b53,John Jones,05/08/1978,170,1.99
49009093-6094-4559-b182-02874cada2da,Dave Davis,09/12/1988,159,24.04
9f91a37c-4b29-4840-a612-4ff15a56701e,Liz Elizabeth,21/03/1992,181,193.22
6796c593-dadf-44a2-803f-6c6cf500ee0d,Chistina Chris,01/02/1993,177,7.32
fd5ce29a-869e-4bed-9528-433bb836c9de,Ken Kenneth,30/09/1984,176,57.33
280c7a2f-8989-40fb-8942-610e538321ac,John Jones,05/08/1978,170,1.99
5fa02dad-c274-4db3-b5cf-c53964065e00,Dave Davis,09/12/1988,159,24.04
590d2e88-4a0b-42f1-a8dc-5e3c26c7882e,Liz Elizabeth,21/03/1992,181,193.22
b3f4b40e-856a-4463-b16c-bbad98def085,Chistina Chris,01/02/1993,177,7.32
2f99986f-667f-4af8-b366-4bf1cf0dab01,Ken Kenneth,30/09/1984,176,57.33
16fcba9a-f0bc-452a-bdb2-b3af0c806a61,John Jones,05/08/1978,170,1.99
3321c599-64f8-455e-bb17-73bd28952a46,Dave Davis,09/12/1988,159,24.04
c8b43ab8-a368-4c39-a544-c0c223b766cb,Liz Elizabeth,21/03/1992,181,193.22
a0a2b8a4-cf52-40ca-85a9-a2c778ce5d45,Chistina Chris,01/02/1993,177,7.32
becc6833-bdc0-4720-9e8d-1572a9078608,Ken Kenneth,30/09/1984,176,57.33
5a48911d-63e0-4b44-800d-9ac80676c0d6,John Jones,05/08/1978,170,1.99
32c674e5-8d7c-4213-9a4e-9e1142c853b2,Dave Davis,09/12/1988,159,24.04
ab9ea21a-76c6-4e56-9c3f-20daf33650d3,Liz Elizabeth,21/03/1992,181,193.22
1ba9e23e-3749-43ab-a8e4-c33058856fd2,Chistina Chris,01/02/1993,177,7.32
fa030781-6d6b-44e1-87f2-adb847e42e47,Ken Kenneth,30/09/1984,176,57.33
158cab3b-b024-4bab-94c0-709b1e5d6f78,John Jones,05/08/1978,170,1.99
d440b614-2949-4c63-aff8-0183d787d541,Dave Davis,09/12/1988,159,24.04
8a6c7aee-8b4d-4869-8617-b2ba14c2689d,Liz Elizabeth,21/03/1992,181,193.22
79eb7554-9d1d-436d-ac4f-d90fef5f0534,Chistina Chris,01/02/1993,177,7.32
0c0af6a1-72d1-4729-a051-43375991b870,Ken Kenneth,30/09/1984,176,57.33
ebae4762-077a-47bc-87bc-1766772e1d21,John Jones,05/08/1978,170,1.99
8ddaaf11-1aaf-4e7d-99ee-9d4a81cce517,Dave Davis,09/12/1988,159,24.04
2a57fb2a-c0b8-4ea6-acd6-227e7e7b9293,Liz Elizabeth,21/03/1992,181,193.22
b71d0a23-150b-4604-8f02-c2fa700ab8f6,Chistina Chris,01/02/1993,177,7.32
59ccd755-797d-4781-8ba3-7ee9a963918b,Ken Kenneth,30/09/1984,176,57.33
7c3de05f-69a4-46a4-8a5e-c55b41e57cc4,John Jones,05/08/1978,170,1.99
8212bc08-b61e-425d-865d-bff8cbde3ffe,Dave Davis,09/12/1988,159,24.04
4b64aa18-4c51-41d1-accf-a605f78510a1,Liz Elizabeth,21/03/1992,181,193.22
14888d8d-2a5c-443f-a89b-602aaf763ba9,Chistina Chris,01/02/1993,177,7.32
a61bd4e4-548d-4256-b626-38668d19ae19,Ken Kenneth,30/09/1984,176,57.33
906f8dc6-dc6c-4ae1-9489-28b2a623b0b4,John Jones,05/08/1978,170,1.99
3a154448-6f32-4930-a272-a7fdb3dc5034,Dave Davis,09/12/1988,159,24.04
46320620-c6fe-45d1-9d82-01466d3444fc,Liz Elizabeth,21/03/1992,181,193.22
e3867986-c3b5-4bc9-9721-89fc5b340371,Chistina Chris,01/02/1993,177,7.32
6cb427b9-1d33-4203-846e-d2ff832dcd96,Ken Kenneth,30/09/1984,176,57.33
2190ece6-5b36-4409-a52d-9fa924e9ecc9,John Jones,05/08/1978,170,1.99
f1972a91-8b4e-468b-bee9-f66f0e7b4d16,Dave Davis,09/12/1988,159,24.04
baafacb5-4c8b-4945-a470-d2b79cc086d3,Liz Elizabeth,21/03/1992,181,193.22
d0d77296-8a00-473b-8b5d-3e085d7efd4f,Chistina Chris,01/02/1993,177,7.32
b967d7ba-d603-4b0f-a0ed-6ab3aa71b7b2,Ken Kenneth,30/09/1984,176,57.33
ba97792b-0c25-4c82-9668-5b71063371a4,John Jones,05/08/1978,170,1.99
b305b58c-e71b-496c-bd0d-a4a8a2095b1f,Dave Davis,09/12/1988,159,24.04
2b27680a-6606-4fa8-a36c-0e45e47ca60f,Liz Elizabeth,21/03/1992,181,193.22
6f45dd2d-31d0-4624-a818-106c7f2820ef,Chistina Chris,01/02/1993,177,7.32
5f42512d-4009-49a8-91b8-45489149cdd2,Ken Kenneth,30/09/1984,176,57.33
40691b34-ff00-4c9b-b0fe-9cd0d276c8ba,John Jones,05/08/1978,170,1.99
45222154-222b-4de4-97c0-d8739903f52f,Dave Davis,09/12/1988,159,24.04
9b0b58d2-b286-4210-b7db-bbb152efee87,Liz Elizabeth,21/03/1992,181,193.22
d3b5f4af-d4bb-4088-86cc-62371d75be43,Chistina Chris,01/02/1993,177,7.32
36e92282-7160-4692-8be7-9ddcc22c7509,Ken Kenneth,30/09/1984,176,57.33
9fad4a4a-aa75-4d07-aa23-8f405c386a8e,John Jones,05/08/1978,170,1.99
41a56ed2-7cd0-4fa6-b9ac-b6b8309d505a,Dave Davis,09/12/1988,159,24.04
22b17960-f88d-4761-bf8e-8b01ae09c5d5,Liz Elizabeth,21/03/1992,181,193.22
a9115717-0bd3-4cb6-9ea7-6d1f41768210,Chistina Chris,01/02/1993,177,7.32
33d36282-72ce-4fc2-b7d0-ff2409bd8d26,Ken Kenneth,30/09/1984,176,57.33
39cf5a80-b073-483a-ab48-d3125fd79cec,John Jones,05/08/1978,170,1.99
c0e4054c-281c-40b0-b1ee-cb3bc02fe41a,Dave Davis,09/12/1988,159,24.04
0c6dc5c9-336e-43d1-8c73-dfa0486f8054,Liz Elizabeth,21/03/1992,181,193.22
9fe43388-7c1d-47ab-8404-5d827f810108,Chistina Chris,01/02/1993,177,7.32
0a52b301-4c55-4232-8767-dfaca5c44591,Ken Kenneth,30/09/1984,176,57.33
6d4280d9-e47c-44b3-992c-3bf213e9ab1c,John Jones,05/08/1978,170,1.99
536b2544-15cd-4d99-be58-238260ea1e31,Dave Davis,09/12/1988,159,24.04
b671a5f7-be17-451c-9d1f-bc60123d8cbd,Liz Elizabeth,21/03/1992,181,193.22
c1742526-0a6c-46e1-8b72-f2dd740e0cb0,Chistina Chris,01/02/1993,177,7.32
86be2160-62bf-41a0-ac9e-0f48807564ec,Ken Kenneth,30/09/1984,176,57.33